score,date,content,writer_id,like_count,dislike_count,source
6,2026.07.22 16:58,"뭔 얘기를 하고 싶은 건지,,,",7lhm****,1,0,관람객
7,2026.07.21 04:30,재미있게 봤습니당..,dudg****,0,0,관람객
8,2026.07.20 15:24,모든 존재의 매 순간을 담는 것으로 재 해석한 것이 맘에 드네요,psyl****,0,0,관람객
8,2026.07.20 11:25,단순히 공포에만 치중한 평면적인 영화가 아니라 백룸 세계관에 부여한 추가적인 설정이나 서사가 있어 완성도 높은 영화라고 생각합니다,kang****,0,0,관람객
8,2026.07.20 09:14,인간내면을 표현한 추상화를 보는듯한,ji_m****,0,0,관람객
10,2026.07.15 23:36,난 진짜 재밌게봄!! 또보고싶다!!,yama****,1,0,관람객
6,2026.07.15 11:38,게임 원작 최대한 살렸네요.,whit****,2,0,관람객
8,2026.07.13 11:26,백룸의 완전 기본적인 개념만 알고 세계관이나 이런 건 하나도 모르는 채로 관람했는데 괜찮았습니다. 기존에 백룸 모르던 사람도 잘 볼 수 있을 정도로 설정을 짠 것 같고 그 설정도 맘에 들었습니다,soyi****,1,0,관람객
1,2026.07.13 02:12,공포 분량이 짧은것도 문젠데 서사도 너무 조잡하고 흥미롭지가 않다,cano****,13,3,관람객
10,2026.07.10 19:37,"샤이닝의 레퍼런스 하에 생산된, 또 한편의 걸출한 유산. PS. 시각의 초점을 일부로 혼란하는 미장센의 연출, 볼 땐 짜증났지만 결론적으론 훌륭했다.",gold****,0,0,관람객
6,2026.07.10 00:08,‘백룸’을 설명하는 이야기는 다소 모호하고 혼란스러운 상태라 호불호가 있을 수 있다. 하지만 공간이 주는 압박감과 두려움을 제대로 살린 장면은 ‘백룸’의 팬에게 충분히 만족스러울 것이다.,zxc1****,2,0,관람객
8,2026.07.04 11:20,영화끝나고 화장실을 찾으러 나가는 공간이 백룸이였다..,jund****,3,7,관람객
4,2026.07.01 10:06,노잼  지루해서 졸고 어떤사람은 중간에 나가드라,dudg****,19,5,관람객
6,2026.06.29 16:11,여긴 어디? 나는 누구인가?,dydw****,5,2,관람객
10,2026.06.29 11:50,감독의 꽃길을 응원합니다,agyn****,4,8,관람객
6,2026.06.28 19:46,재밌긴 한데 여주인공 존나 답답해서 가면 갈수록 극혐임,juyo****,3,3,관람객
6,2026.06.27 14:08,영화관가서 꼭 봐야합니다. 돈이 아깝다는 생각은 안들정도의 영화에요. 딱 그정도입니다,momz****,1,11,관람객
1,2026.06.26 21:42,캐릭터들이 누가 더 바보같고 답답한지 경쟁하는거 같음,oron****,18,5,관람객
7,2026.06.26 20:52,무한하고 미스테리한 공간과 미지의 존재가 주는 의문감에 몰입하면서 보았다,oosu****,0,0,관람객
10,2026.06.26 10:39,A24가 대탈출을 만든다면 이런 느낌일까대대대대탈출을 본 느낌,jaem****,2,1,관람객
5,2026.06.25 18:32,이해하기 어려운 영화였다.,nabi****,8,0,관람객
7,2026.06.25 06:02,당신의 기억은 얼마나 정확한가요.,kimh****,1,3,관람객
4,2026.06.25 00:55,"공간이 주는 기괴한 시각적 압도감에 비해, 세계관에 대한 최소한의 복선이나 각 인물들의 탐험 당위성이 결여되어 있다. 친절한 서사(네러티브) 대신 모호함으로 일관하여, 영화와 감독이 무엇을 전달하고자 하는지 그 본질을 흐린다.",beat****,7,0,관람객
8,2026.06.23 15:54,그럭저럭 볼만한 영화였다는 감상볼거리 많아서 좋았음,aspa****,4,2,관람객
8,2026.06.21 23:56,난 재밌어서 3번 봤는디,a_jh****,10,10,관람객
6,2026.06.21 22:02,생각을 많이 하게 되긴하지만 뭔가 막 재미있다고 할수는 없을듯... 생각하며 끌고 들어가는 영상적완성도는 훌륭하다 할수있음. 이런장르 좋아 하시는 분들에게는 추천함.,deav****,5,1,관람객
1,2026.06.21 17:24,진짜 최악의 영화. 스릴러 좋아하는 분들은 절대 보지마세요. 이거 기괴한 분위기의 공포에요. 보는 내내 음악이나 분위기 어지럽고 평점이 8점이나 된다는게 정말 이해불가절대 보지 마세요ㅠ 그리고 백룸 갇혀서 탈출하는 그런 영화 절대 아니에요 ㅡㅜㅜ,21mb****,33,10,관람객
2,2026.06.19 08:12,이거 예매하고 향후 10년간 영화 예매권 박탈당함,mini****,39,12,관람객
8,2026.06.17 22:55,"기대안하고 보러갔지만, 2편나오면 또 볼것이다",prog****,8,7,관람객
2,2026.06.17 22:29,바이럴 겁나 돌리더니 평점도 알바인갑네. 사람들 몇몇 언제 끝나나 폰으로 시간 보는데 심정 이해돼서 화가 안 났음.,park****,29,14,관람객
6,2026.06.15 11:40,음.. 조금 난해하네요. 루틴을 가지고 살면 비슷한 문제가 계속 반복해서 생기니까 새로운 세계로 나아가야 한다는 메세지가 들어있는거 같은데 백룸과 연관성이 있는건지 모르겠네요. 일단 영화가 기괴해요ㅋㅋ,yunj****,9,7,관람객
8,2026.06.14 13:01,개인적으로 스토리가 아주 살짝 이해가 안되고 해석이 어려움 연출은 너무나 좋았다,nchf****,6,6,관람객
10,2026.06.14 11:49,소리가 공포감의 80%는 되는거 같아요. 무서운 장면 없이 무서움을 주는 듯. 호불호는 갈릴거 같은데 너무 재밌게 봤어요.,eowk****,11,6,관람객
2,2026.06.14 11:20,아흠 잘 잤다.여기가 어디지? 백룸인가?,seew****,70,23,관람객
8,2026.06.14 09:49,군체보다 훨씬 훌륭한 완성도,ajvl****,19,28,관람객
8,2026.06.14 09:46,꽤 완성도 높은 심리 스릴러,leez****,6,9,관람객
5,2026.06.14 09:43,집중해서 쭉 보면서 초반 중반 지나면서 드는생각은 이거 이대로 영화 진행되겠다는 생각이 강하게 들더니 아니나다를까 그대로 잔잔하게 끝나더군요 영화끝나고 드는생각은 2편 반드시 나올거라는 확신이 듭니다 왜냐 이영화는 세계관 설명판 정도로 만들었던것같아요 해석이 어렵거나 그런영화는 아닙니다. 집관할 영화정도느낌,hyhy****,4,9,관람객
6,2026.06.13 23:31,별로 재미없으 2나오면 볼것같김함,hanw****,3,8,관람객
10,2026.06.13 16:51,너무 감동적이고 연인이랑 같이보길 추천해요,kkyh****,9,40,관람객
10,2026.06.13 14:21,한마디로 정신병자의 머릿 속에 들어갔다 나온 기분.. 그 정도로 리얼한 느낌이 들었다는 뜻..  우울증 있는 분들은 보지마세요. 많이 힘듭니다.,hk47****,31,11,관람객
10,2026.06.13 10:07,개연성 공간적공포 뻔한줄거리가아닌 인갸의심리적요소와의미가 들어간 괜찮은 작품,chj8****,6,6,관람객
7,2026.06.13 02:54,작품의 일등공신 프로덕션 디자인과 이를 잘 활용한 연출. 깊지는 않아도 자기 내면 심리 스토리를 소재와 잘 꿰어냈다. 반올림 7점.,lead****,3,3,관람객
1,2026.06.13 02:00,진짜 살면서 영화를 최소 100편은 봤을텐데 그 중에 최악이었어요,chot****,70,26,관람객
7,2026.06.12 15:11,20세 감독이 만든 첫 영화가 이정도라면 다음 영화에서 어느정도 진전이 있을지 기대됩니다. 점프스퀘어 없이 이정도 긴장감과 공포라면 좀 아쉽긴하지만 호 드리고 싶습니다.,wilh****,5,4,관람객
8,2026.06.12 14:39,영상미는 좋다고 생각해요. 그 아무도 없는 텅빈 느낌은 확실히 받을수있었습니다. 하지만..스토리는 뭘 의미하려는 건지 모르겠네요.,dero****,8,2,관람객
5,2026.06.12 12:24,"기이함에서부터 발생하는 원초적 공포를 보여주는 파라노말 액티비티류인가 아니면 REC 같은 페이크 다큐 형태인가 긴가 민가 했는데, 보아하니 감독도 나처럼 고민해서 이거 저거 섞어 만든건지 공포도 기이함도 애매한 무언가였다.",gudi****,12,3,관람객
9,2026.06.11 18:07,지방영화관에서 혼자봤는데 백룸 온줄... 영화끝나고 사람보니까 그렇게 반가울 수가 없다.,sonj****,12,6,관람객
6,2026.06.11 17:53,종일 헤매다가 끝난다.,clou****,15,2,관람객
7,2026.06.11 14:58,리미널 스페이스와 코즈믹 호러 장르 특유의 근원적 공포를 극대화시키는 영리한 연출,chun****,2,6,관람객
10,2026.06.11 12:02,백룸 너무 무서워요 백룸,9102****,4,6,관람객
5,2026.06.10 19:36,긴장감 애매공포감 애매스토리 애매연출 애매모든게 애매한 영화나도 점수 애매하게 줘야지,gusd****,14,7,관람객
10,2026.06.10 01:18,평이 진짜 갈리는데.. 전 영화의 전체적인 기괴함과 불쾌함이 흥미로웠어서 재밌게 봤어요. 생각할 거리도 많아서 단순히 극장에서 관람하고 끝나는 영화가 아니라 이후에 이런 저런 해석을 해볼수 있어서 더 좋았습니다. 단순 킬링타임/정석공포물 을 기대하신다면 보지 않는게 좋을 듯..,yuhh****,20,10,관람객
3,2026.06.09 22:54,이런 컨텐츠로 이 정도밖에 못 뽑다니...,jeff****,26,11,관람객
8,2026.06.09 18:12,처절하게 망가진 내면의 세계,blue****,7,3,관람객
1,2026.06.09 14:07,백룸에 대한 기초지식 없이 보면 영화보는 내내 아무것도 이해 못함... 아는 사람들끼리만 공유하는 그들만의 리그 이건 상업영화가 아닌 독립영화로 구분해야 맞을듯,zazz****,44,14,관람객
1,2026.06.09 12:22,1점도 아깝다 너무 돈아깝고 시간아깝고 ㅠㅠㅠ,sh98****,44,19,관람객
8,2026.06.09 11:57,재밌는데 어렵습니다~~,hkgl****,7,5,관람객
1,2026.06.09 11:01,보지마셈 개쳐노잼임ㅋㅋ,010q****,73,21,관람객
1,2026.06.09 09:08,개노잼ㄷㄷ 말도안되고 황당함 무섭지도아늠,9706****,43,13,관람객
10,2026.06.09 02:27,"소름돋는, 공간화된 기억 어드벤처",sj22****,7,4,관람객
5,2026.06.08 20:32,제작비 투자받은 대학생 졸작 느낌,dec1****,35,13,관람객
2,2026.06.08 20:32,"아 보는데 계속 싸구려 카메라로 움직이면서 촬영하니까 멀미나서 토할꺼 같음 ㅡㅡ, 영화도 별로임 차라리 겟 아웃 같은거 보셈",jwj8****,40,17,관람객
1,2026.06.08 19:42,와이프가 보고 싶다고 해서 예고편도 안보고 그냥 가서 봤는데...백룸이 뭔지는 안알려주더라도 메인 인물의 감정 변화의 이유는 알려줘야 하는거 아니냐?,jjc3****,49,11,관람객
1,2026.06.08 19:10,이 영화 >>????<< 이걸로 설명가능,yoon****,42,12,관람객
10,2026.06.08 15:51,공포 연출 만족합니다 전체적으로 나쁘지 않았음,hchc****,9,7,관람객
1,2026.06.08 08:23,사전지식없이 봤는데소재는 괜찮았으나 재미는 없고 지루했음,jeon****,31,14,관람객
8,2026.06.08 08:00,생각보다 추상적인 편이에요,univ****,9,3,관람객
10,2026.06.07 22:45,아. 너무 무서움. 진짜 화들짝 놀라면서 봄.심야로 보고 지하주차장 내려왔는데 주차된 차들만 몇대 있고 사람이 없음.백룸 주차장 버전같아서 살짝 소름..ㅋ사운드로 공포 극대화 미친듯 아오..,wint****,9,8,관람객
2,2026.06.07 22:00,살면서 본 영화중 재미없는 영화 1위임ㅋㅋ 평점알바 댓글알바 쓰지말고 정정당당하게 평가받으세요. 돈아깝고 시간아깝고 오죽하면 이렇게 재미없어서 영화 평점 쓴거 처음임,lhj1****,154,52,관람객
10,2026.06.07 19:39,"모난 부분없이 ""깔끔""하게 잘 만든 영화, 뛰어난 사운드 이펙트에 귀도 즐거움",mjze****,5,10,관람객
10,2026.06.07 19:35,"블랙미러, 버드박스, 미드소마 처럼 불쾌한거 좋아하시면 강추 오랜만에 불쾌한 영화중에 육각형 영화 였습니다. 취향이라면 명작",whru****,11,9,관람객
10,2026.06.07 16:10,근래에 본 공포영화 중 탑오브탑,jun0****,16,11,관람객
1,2026.06.07 15:00,최악 10년만에 영화평쓴다보지마세요 시간날림,rof6****,117,46,관람객
8,2026.06.07 14:21,타임킬링용 연출은 좋았음,seng****,12,6,관람객
1,2026.06.07 09:56,먼가 대단한걸 보여주고싶지만 능력이 안되는 느낌초반 분위기만 잡아놓고 후반부는 나몰라라,madl****,79,32,관람객
10,2026.06.07 04:13,영상미 진짜 원작 싱크로율 미치게 잘 만든 영화입니다. 꼭 보세요,mimi****,25,15,관람객
1,2026.06.07 01:44,소중한 두 시간을 뺏겼다. 영화를 보는 내내 내 표정은 지루함으로 굳어있었음.,0ins****,108,44,관람객
2,2026.06.07 01:42,욕나온다 진심 돈 아까움,fsgw****,71,35,관람객
9,2026.06.07 01:19,이게 호불호가 엄청 나눠질 그런 영화인 것 같아요일단은 기괴한 거를 별로 좋아하지 않은 분들은 보지 않는 것을 추천하고요그리고 내용을 해석하는데 아마 쉽지 않을 것 같습니다.일단 저는 이게 게임이 있다는 거는 알고 있었고 그래서 어떻게 풀어나갈까 싶기는 했는데 저는 처음엔 그냥 공포로만 풀어나갈 줄 알았는데 그래도 나름 그래도 재미있게 풀어나갔던 것 같아요그래서 9점을 줬는데 뭔가 간단한 그냥 공포물 영화를 생각하셨다면은 아마 평점을 낮게 주실 수밖에 없을 것 같습니다.좀 철학적으로 다가가거나 그래야지 이 영화를 이해하실 수 있을 것 같아요.그래서 간단한 뻔한 그런 영화를 원하신다면 굳이 추천하진 않습니다.,pqaw****,38,16,관람객
6,2026.06.07 00:47,관객에게 숙제를 남기거나 여운을 남기는 영화를 좋아하지만 반전없이 짧은 시간안에 너무 많은 의문을 남겼다. 감독목을 조르고 싶었음.,xcor****,27,13,관람객
9,2026.06.06 23:07,신비롭고 탐험 욕구를 불러일으키는 장소 & 설정. 백룸이 기억으로 증식하고 크리쳐가 생긴다는 해석도 나름 이해가 되고 마음에 든다. 그런데 크리쳐들을 다룰 수 있게 된 클락이 마지막에 해적클락에게 살해당한 이유는 잘 모르겠다.. 아시는분,choc****,11,5,관람객
8,2026.06.06 22:57,나름 볼만함 깜놀 갑툭튀 이런거 없이 쫄깃하게 만듬. 근데 여주가 너무 암걸림,evat****,8,4,관람객
10,2026.06.06 22:09,와 내 인생 최고에 명작입니다꼭보세요개무서움,wbh3****,7,15,관람객
1,2026.06.06 19:06,진짜 장난하냐? 7광구랑 좋은 승부,emfo****,50,26,관람객
8,2026.06.06 18:09,기대민큼 재밌엇다. 다시 보고 싶은 영화… 대단해,dieu****,9,9,관람객
9,2026.06.06 17:17,백룸을 빙자한 ‘겟 아웃’,won4****,11,7,관람객
10,2026.06.06 17:07,퇴근길에 텅 빈 회사 복도 걸어 나오는데 조명 깜빡이는 거 보고 진심 주저앉을 뻔했잖아ㅋㅋㅋ 일상 공간을 공포 유발지로 만드네,umix****,6,8,관람객
10,2026.06.06 16:35,와 진짜 숨막혀 죽는줄 알았네 .. 긴장감 개쩔어요 !!,0419****,6,9,관람객
10,2026.06.06 16:13,인터넷에서 보던 가상의 공간이 스크린으로 완벽하게 구현된 걸 보는 갓만으로도 충분히 가치 있는 관람이었습니다.,kooz****,5,8,관람객
10,2026.06.06 15:38,분명 대낮처럼 밝고 환한 공간인데 왜 이렇게 음산하고 조마조마한지 모르겠어요 어둠 속에서 귀신 나오는 것보다 이 환한 기괴함이 훨씬 압도적입니다,yay2****,7,9,관람객
4,2026.06.06 15:35,음... 떡밥이 회수안된 느낌?,lee_****,25,9,관람객
10,2026.06.06 15:27,"스토리가 억지스럽지 않고 상황 자체가 주는 서스펜스에 집중해서 그런지, 다 보고 나서도 잔상이 꽤 길게 남는 영화입니다.",yeru****,4,8,관람객
7,2026.06.06 15:15,사라진 것은 없어지지 않는다. 다만 아무도 찾지 않는 방에 남겨질 뿐.,hhb5****,8,4,관람객
10,2026.06.06 15:14,사운드로만 관객을 깜짝 놀라게 하는 뻔한 점프 스케어가 없어서 정말 만족스러웠습니다.,js10****,3,8,관람객
10,2026.06.06 13:59,보통의 공포 영화가 그냥 놀래키기 라면 이 영화는 고림시키기에 가깝습니다. 극장이라는 폐쇄된 공간에서 봐야 그 고립감이 고스란히 체감돼요,gree****,7,7,관람객
10,2026.06.06 13:28,끝없이 반복되는 공간을 비출 때 묘한 기괴함이 느껴지네요! 비주얼이 주는 압도감이 엄청납니다.,wjdd****,5,6,관람객
10,2026.06.06 12:59,모르는 동네에서 길 잃었을 때 느껴지는 그 막막하고 서늘한 현실 공포의 상위 호환 버전입니다. 공간이 인간을 거부하는 느낌이에요,tla5****,6,7,관람객
10,2026.06.06 12:46,"초반에는 '저기선 저렇게 행동해야지' 하면서 훈수 두는 마음으로 보다가, 나중엔 규칙 자체가 무의미해지는 절망적인 상황에 같이 압도당해 버렸습니다!!",odh0****,3,5,관람객
10,2026.06.06 11:57,"주인공이 가지 말라는 곳을 가며 삽질하는 게 아니라, 애초에 어디로 가야 할지 길 자체가 없는 막막함에서 오는 공포라 신선했습니다",jhpi****,4,6,관람객
10,2026.06.06 11:57,벽지 패턴이나 조명 각도 같은 미장센이 진짜 변태 같아요 별거 아닌 사물들이 나를 감시하는 것 같은 착각이 들어서 소름 돋았습니다,algy****,5,6,관람객
10,2026.06.06 11:09,긴장감 때문에 온몸이 경직된 채로 봤는지 집에 오니까 어깨가 다 결려요 잔인한 장면 하나 없이 사람 긴장시키는 힘이 엄청납니다,dydg****,2,9,관람객
10,2026.06.06 11:07,난이도 엄청 높은 방탈출 카페에 들어가서 제한 시간 5분 남았을 때의 그 똥줄 타는 기분을 영화 보는 내내 간접 체험할 수 있어요,kmt7****,3,8,관람객
8,2026.06.06 10:44,영화 무섭고 재밌어요 게임도 관심이 생겼어요,dwc4****,1,8,관람객
10,2026.06.06 10:38,러닝타임 내내 상영관 안이 너무 고요해서 다들 숨죽이고 보는 분위기였어요. 다 끝나고 문 열릴 때 관객들이 단체로 한숨 돌리는 게 인상적이었습니다.,jyc0****,5,6,관람객
10,2026.06.06 10:35,"보통 공포 영화는 무서운 장면 지나가면 안심이 되는데, 이건 영화가 끝났는데도 현실 공간이 낯설게 느껴지는 이상한 여운이 있어요",v219****,5,4,관람객
10,2026.06.06 10:28,인터넷 도시전설이나 기괴한 공간 짤 좋아하는 분들은 무조건 취향 저격일 듯합니다. 그 특유의 기분 나쁜 정적을 스크린에 잘 담아냈어요,wody****,3,4,관람객
10,2026.06.06 10:07,뻔한 공포 공식 다 비틀어버림 갑툭튀 뇌절하는 영화들에 돈 날리기 싫으면 무조건 이거 예매하세요,bang****,1,8,관람객
10,2026.06.06 09:47,맨날 사운드 키우고 왁!!! 왁!!! 거리는 양산형 깜놀 영화에 질렸으면 제발 이거 보셈 결이 아예 다름,siho****,1,7,관람객
10,2026.06.06 08:30,생각해보면 굉장히 단순한 소재인 백룸을 가지고 감독이 나름의 해석으로 개연성있게 잘 풀어나감,phw6****,0,7,관람객
2,2026.06.06 00:11,아쉽습니다 전개 연기 연출 다 아쉬움,dlwn****,13,8,관람객
4,2026.06.05 23:28,Terrible and boring. Waste of my time snd money,djma****,24,8,관람객
1,2026.06.05 22:40,중간에 나가는 관객도 있고 너무 지루하고 뭐 어쩌라는 영화인지,froz****,63,27,관람객
8,2026.06.05 22:24,과거를 떠나보내지 못한 자의 뇌가 만들어낸 무한한 복도.,dlck****,5,4,관람객
10,2026.06.05 21:42,인생 영화 순위를 개선 할 정도로 인생영화였습니다. 다른 일 할 때 틀기 좋아요.,rlae****,2,14,관람객
10,2026.06.05 15:24,팝콘 왜 사냐 진짜ㅋㅋㅋ 긴장해서 침 삼키는 소리도 눈치 보여서 팝콘통 껴안고만 있다가 나옴,minj****,2,14,관람객
10,2026.06.05 15:21,방금 영화 끝나고 복도 나왔는데 순간 백룸인 줄 알고 흠칫함; 당분간 노란 조명 켜진 텅 빈 공간은 못 가겠다 진짜로,nrsy****,1,13,관람객
7,2026.06.05 15:17,고어물인줄 몰랐습니다,kms0****,4,4,관람객
10,2026.06.05 15:08,영화 끝나고 주차장 내려왔는데 주차장 기둥들이 순간 백룸처럼 보여서 기절할 뻔... 당분간 텅 빈 지하 공간은 절대 못 갈 듯,kwag****,0,9,관람객
10,2026.06.05 14:29,귀신 나와서 소리 지르는 영화보다 이런 게 진짜 무서운거임...눈 감아도 소용없고 정신을 말려버림,ch05****,2,8,관람객
10,2026.06.05 14:29,전국 방탈출 매니아들 이 영화로 정모해야 됨 연출이 진짜 똑똑해서 단서 하나하나 같이 쫓아가게 만듦,tjdg****,2,9,관람객
10,2026.06.05 14:17,"귀신 나와서 왁!!! 하는 건 보고 나면 까먹는데, 이런 심리 압박형 공포는 상영관 문 열고 나올 때부터 진짜 시작임",whdm****,4,6,관람객
10,2026.06.05 13:54,인터넷 백룸 감성 좋아하는 힙스터들 무조건 환장함 시각적 카타르시스 진짜 지리네,9biz****,3,6,관람객
10,2026.06.05 13:52,주인공이랑 같이 가위눌린 기분임ㅋㅋㅋ 탈출각 날카롭게 재면서 보다가 머리 쥐나는 줄 알았다,dh06****,0,6,관람객
10,2026.06.05 13:42,영화 끝나고 극장 엘리베이터 타는데 순간 문 안 열릴 것 같아서 심장 쿵쾅거림 후유증 대박이다,dh68****,0,5,관람객
10,2026.06.05 13:40,고어 영화는 잔인해서 불쾌한데 이건 그냥 상황 자체가  기분 나쁘고 기괴함 근데 묘하게 계속 보게 됨,sodo****,1,3,관람객
10,2026.06.05 12:49,공간이 주는 기괴함이 ㄹㅇ 미쳤음 사방이 벽인데 숨막혀서 중간에 나갈까 진심으로 고민했다,sena****,0,3,관람객
8,2026.06.05 01:42,"긴장감 있고, 괜찮은 영화임.",ljsk****,2,2,관람객
10,2026.06.04 23:45,진짜 스크린 안으로 빨려 들어가는 줄... 나중엔 나도 주인공이랑 같이 숨 참으면서 단서 찾고 있더라ㅋㅋㅋ,eldh****,1,2,관람객
7,2026.06.04 23:08,내면의 심연을 미지의 공간으로 표현하는 뛰어난 상상력과 긴장감,breg****,3,1,관람객
10,2026.06.04 21:43,영화 시작할 때 콜라 한 모금 마시고 엔딩 크레딧 올라갈 때까지 손도 못 댐... 몰입감 진짜 미친놈임,mila****,1,2,관람객
10,2026.06.04 21:40,킬링타임으로 봤는데 재밌었어요!! 무서운거 좋아하시고 영화 좋아하시면 추천!,12hy****,2,2,관람객
10,2026.06.04 19:51,방탈출 매니아들은 이거 보면 백퍼 심장 뜀연출이 진짜 영리해서 스케일 큰 방탈출 테마 하나 제대로 깨고 나온 기분임,quee****,1,2,관람객
10,2026.06.04 19:42,소리만 지르는 뻔한 깜놀 영화들 싹 다 반성해야 됨 피 한 방울 안 묻히고 사람 정신을 이렇게 말려 죽일 수가 있네,dkdh****,1,2,관람객
10,2026.06.04 17:11,대놓고 ‘나 무섭지?’ 하면서 귀신 튀어나오는 양산형 공포 영화에 질린 사람들 제발 이거 보셈 결이 아예 다름,kell****,3,3,관람객
10,2026.06.04 15:38,평소에 리미널 스페이스나 백룸 감성 좋아하면 무조건 취향 저격임 연출 변태같이 잘함,ange****,1,3,관람객
10,2026.06.04 15:08,재밌게 잘 보고 왔어요 기대 안했는데 존잼이였어요 두시간 술술 지나감 개인적으로 군체보다 더 재미있었음 기대의 차이가 달라서 그럴수도,cuti****,1,2,관람객
10,2026.06.04 14:49,자극적인 맛 하나도 없는데 오직 연출이랑 분위기만으로 극장 안을 얼려버림 간만에 돈 안 아까운 진짜 공포 영화다,jhj9****,1,2,관람객
10,2026.06.04 14:32,주인공이 삽질할 때마다 속터지는데 또 내가 저 상황이면 저랬겠다 싶어서 대가리 빡빡 치면서 봄,yebi****,1,2,관람객
2,2026.06.04 14:26,기승전결에 기승만 있음 ㅈㄴ게 질질끔 영화관 뛰쳐나가고싶은거 그래도 뒤에 뭐가 있겠지하고 참았는데 뭐 없음 그나마 봐줄만한건 창의성정도? 세상에 재밌는 영화가 얼마나 많은데 이게 재밌다고하냐 절대 8점대 영화아님 댓글알바 많이 푸시나봄ㅎ,char****,62,30,관람객
10,2026.06.04 14:20,묘하게 기분 나쁘고 불쾌한데 끝까지 보게 만드는 중독성이 장난 아님 감독이 공간 변태인 게 확실함,lili****,2,3,관람객
10,2026.06.04 14:19,비주얼이 진짜 미쳤음 인터넷 짤로만 보던 그 이상하고 기괴한 공간감을 스크린으로 대리 체험하는 느낌,gdej****,0,3,관람객
10,2026.06.04 14:04,진짜 스크린 안으로 빨려 들어가는 줄... 나중엔 나도 주인공이랑 같이 숨 참으면서 단서 찾고 있더라ㅋㅋㅋ,ghkd****,0,4,관람객
10,2026.06.04 13:56,"잔인한 장면은 눈 감으면 그만인데, 이건 눈을 뜨고 있는데도 사방이 다 막혀있으니까 탈출구가 안 보여서 미치겠음",bjh7****,0,4,관람객
6,2026.06.04 13:28,백룸 무슨말을 하고싶은지 모르겠으나 그냥저냥봤어요,tkdd****,9,4,관람객
10,2026.06.04 13:21,"빽룸에 대한 지식을 전혀 모르고도 집중하여 몰입할수 있었습니다.예전에 본 끊임없이 이어져있는 큐브를 탈출하던 영화가 생각났습니다.영화가 끝난순간은 다시금 빽룸이 가지고 있는 의미에 대해 생각해야 했습니다. 쫌,,난해하긴함..엘베를 같이 탄 여고생 두명이 하는 말이 기억에 남네요.무슨 내용인지 모르겠어.... 여기가 백룸인거 같애...영화가",9927****,0,3,관람객
10,2026.06.04 12:44,와... 영화 끝나고 화장실 갔는데 타일 벽 보고 순간 흠칫함 당분간 노란 조명 있는 텅 빈 복도는 못 갈 듯,gjrb****,0,4,관람객
4,2026.06.04 12:16,영상미는 좋았지만 내용이 없어요 뭘얘기하려는지 알겠는데 그정도 아님.,ssak****,16,12,관람객
10,2026.06.04 12:10,응???네??음...,woos****,4,1,관람객
1,2026.06.04 10:49,하 진짜 바이럴마켓팅 넘 심하네 돈아까웠다 18,carr****,40,25,관람객
5,2026.06.04 10:22,초반부 진짜 좋았고 후반부 진짜 별로였음결과적으로 비추,wjsw****,7,5,관람객
1,2026.06.03 23:29,이게 어떻게 8점임? 클레멘타인임?,minj****,59,33,관람객
10,2026.06.03 23:20,진짜 소름돋게 무서워서 벌벌 떨면서 봤습니다,rkdt****,0,5,관람객
10,2026.06.03 22:59,공포영화를 평소에 즐겨보는데 근래 본 영화 중에 제일 무섭습니다. 가장 최근에 본 공포영화가 너무 실망해서 안보려다가 본건데 재밌고 무섭고 신선했어요.굳!,tpdu****,1,2,관람객
10,2026.06.03 22:05,여름에 딱 보기 좋은 듯! 재밌게 잘 봤음,korg****,0,2,관람객
10,2026.06.03 20:58,관객들 모두는 2시간 동안 각자의 백룸을 헤매다 왔겠지.,jhsn****,0,2,관람객
1,2026.06.03 20:36,중고딩이 AI로 영화 혼자 만들어도 이거보단 소재 잘살리겟다..,inte****,28,17,관람객
8,2026.06.03 19:06,무섭네요 누가 그랬나요 갑툭튀 없이도 무섭다고 갑툭튀 꽤 나와요 스토리가 똥망이긴한데 연출과 공간미술은 좋아요 음악도 영화의 긴장에 한몫했어요 개연성이나 스토리의 탄탄함은 없지만 보이는것만으로도 공포 스릴러로써는 좋다고 생각해요 개인적으로 8점이 적당한 것 같아요,hide****,2,2,관람객
10,2026.06.03 17:55,계속되는 긴장감 때문에 손에 땀 흘리면서 봤네요... 평소에 겁 없다고 생각했는데 이 영화는 확실히 달라요... 추천!!,sksm****,2,3,관람객
10,2026.06.03 17:50,갑툭튀 없는데도 무서웠고 꽤 재밌게 봤음,silk****,1,2,관람객
6,2026.06.03 17:49,백룸에 대해 잘 모르는데도 잘 봤습니다,eiei****,3,1,관람객
10,2026.06.03 17:41,대놓고 무섭게 놀래키는 공포영화 아니고 연출도 좋았어요,leed****,0,2,관람객
10,2026.06.03 17:34,생각했던거보다 심오하고 재밌었어요 또 보고싶어요!!,r451****,0,3,관람객
2,2026.06.03 17:33,나 영화 평점 첨 해보는데 이영화땜에 함진짜 배급사 너무 했다 이영화 땜에 네이버 영화 리뷰도 못믿겠다2점도 아깝다 진짜,sams****,33,28,관람객
10,2026.06.03 17:02,대놓고 무섭게 놀래키는 공포영화는 아니고 분위기로 압박하는 느낌이라 은근 무서웠습니다 연출도 좋았어요 추천,hhy0****,0,3,관람객
10,2026.06.03 16:59,무서움이 발끝부터 서서히 나를 잠식해버리는 영화ㄷㄷ몰입하느라 무서워 죽을뻔했어요ㅠㅠ,seoh****,0,2,관람객
10,2026.06.03 16:51,보는내내 숨막혓지만 재밋엇음 ㅋㅋ,cat0****,1,4,관람객
1,2026.06.03 16:36,"영화스토리가 대체 뭘 말하는지도 모르겠고 영화를 보는 내내 기괴하다는 느낌만 받았다 시간,돈이 아까웠다 이 영화본다면 말리고 싶다 내가 본 영화중 최악에 영화다",alru****,52,29,관람객
10,2026.06.03 16:00,정말 재밌어요 시간 날 때 가족들이랑 같이 꼭 한번 보세요^^,fptm****,1,4,관람객
10,2026.06.03 14:44,"유튜브나 짤로 보던 백룸은 애들 장난수준;;큰 화면과 소리, 스토리로 보는내내 긴장감 한가득, 숨통이 꽉 막히는 세련된 공포 그 자체야.몰입이 강해 직접 생존 서바이벌 뛰고 온 기분이야 ~~ 그래서 더욱 더 재밌는!게이머들 심장 단단히 붙잡고 가;;이건 무조건 영화관에서!!",geni****,4,2,관람객
6,2026.06.03 14:44,익숙한 듯 뒤틀린 듯 끝없이 이어지는 미로와 같은 공간에서 나를 뒤쫓는 육중한 괴성을 뒤로한 채 도망치고 달아나다 문득 깨달았다. 이곳은 나를 지키기 위해 만들었고 어린 날 한때는 훌륭히 작동했지만 지금은 되려 나를 가두고 헤매게 하는 과거의 정형화된 회로가 아닌가 하는..,nusn****,0,2,관람객
1,2026.06.03 14:34,백룸 좋아하고 어느정도 다 알고 있는 사람인데요… 영화 보다가 중간에 나온 거 처음입니다 중반에 나온 것도 아님ㅠ 끝의 끝까지 버티다가 나왔구요 재미도 없고~ 감동도 없고~ 색감 살리려고 노력한 거ㅇㅋ 뭔가 예술을 하고 싶었던 것 같긴 한데 엥스럽구 불쾌해요; 무서운 부류의 불쾌함이 아니라 재미 없어서 짜증이 확 남 심리적 압박감? 그런 거 없고 헛웃음 나왔어요ㅋㅋ 괴물도 이게 뭐지… 괴물이라 불러도 되나? 이거 보고 놀라서 팝콘 던졌다는 사람은 그냥 팝콘이 던지고 싶으셨던 것 같아요… 하나 후회됐던 점은 영화 후반에 뭐라도 나올까 싶어서 버텼던 거!! 그냥 더 빨리 나올걸ㅎㅎ 님들은 이거 볼 돈으로 맛있는 거 사드세요>.<,kimm****,35,22,관람객
10,2026.06.03 12:18,나만 당할수 없다!!!  평점 10점 매겨버리기ㅋㅋ,yolo****,56,17,관람객
7,2026.06.03 11:10,미국 20살은 영화를 만들고 있네,bana****,3,6,관람객
7,2026.06.03 08:57,그냥 대사 좀 많은 2시간짜리 백룸 유튜브 영상 본 느낌임,mski****,11,7,관람객
10,2026.06.02 22:19,공포영화 아님. 제법 잘 만든 심리 영화임. 공포를 기대하고 보면 실망할 것.,gack****,81,22,관람객
10,2026.06.02 22:17,간만에 볼 만한 영화였습니다 공포 보고싶으면 추천함,hcm1****,11,6,관람객
8,2026.06.02 21:25,백룸에 남겨져 왜곡된 나의 모습은 어떤 추억인가,jinw****,12,6,관람객
10,2026.06.02 21:24,뭔가 일어날 것 같은 불안감에 계속 긴장하며 보게됨!!!,ljhw****,19,9,관람객
10,2026.06.02 20:11,와 심리적으로 공포를 연출할수도있구나 미쳤다 꼭보셈 꿈에서만 보던걸 영화로 보네,tjsq****,8,5,관람객
10,2026.06.02 20:03,오랜만에 등에 땀이 줄줄 나는 영화였네요 ;; 오늘은 집가서 엄마랑 자야겠다,wlgu****,11,6,관람객
1,2026.06.02 17:16,그들만의 명작 그들만의 10점,edri****,48,38,관람객
8,2026.06.02 17:00,"무섭고 그런건 모르겠고, 굉장히 참신했네요. 후속작이 나와도 좋을듯.",jeik****,11,6,관람객
10,2026.06.02 16:55,"현실과 비현실의 경계를 오가며 긴장감을 끌어올리는 영화였다. 화려한 연출보다는 음산한 분위기와 심리적인 불안감을 통해 몰입하게 만들었고, 보고 난 뒤에도 여러 해석을 생각하게 한다.",poyo****,9,4,관람객
10,2026.06.02 16:05,무섭기도 했지만 답답하고 불안한 감정을 정말 잘 표현한 영화였어용,namm****,32,10,관람객
10,2026.06.02 15:38,처음에는 그냥~~~ 공포 영화라고 생각했는데 보니까 계속 불안감을 주는 영화여서 나도 모르게 더 긴장하면서 봤던거 같아요ㅎㅎㅎ 요즘 날씨에 볼만한 영화네요,hyun****,11,6,관람객
1,2026.06.02 15:31,앞으로 살면서 이것 보다 재미없는 영화 나오기 힘듬.,oosc****,52,25,관람객
10,2026.06.02 15:27,"오랜만에 스릴 넘치는 영화 본것 같음,, 무섭다 ㅠㅠ",yoon****,6,3,관람객
2,2026.06.02 14:40,나올때 사람들 다 뭐라고 하면서 나옴,sich****,33,23,관람객
10,2026.06.02 14:30,"무서워여,,, 기대이상으로 재밌게 봤어요!! 츄천추천",ddoo****,5,4,관람객
10,2026.06.02 14:20,초반에는 좀 잔잔한가 했는데 뒤로 갈수록 긴장감이 엄청 올라가네요 후후...,mgk6****,7,4,관람객
10,2026.06.02 14:17,색다른 공포를 찾는 분들에게 추천추천합니다 야르!!무서워서 배아파요ㅠㅠㅠ,dan_****,6,3,관람객
10,2026.06.02 14:11,짜릿한공포 진짜 에어컨이 따로없어요ㅋㅋㅋ올여름 최고의 공포영화네요! ㅋㅋ 강추합니다,qhgu****,3,6,관람객
10,2026.06.02 13:51,기대 없이 봤는데 생각보다 볼만했음! 뻔하지 않아서 시간 잘 흘러가고 신박했음,aydm****,2,2,관람객
6,2026.06.02 11:04,백룸 세계관을 모르더라도 적당히 알 수 있게끔  잘 나온거 같다.,blue****,3,1,관람객
10,2026.06.02 10:54,엄청 무섭고 진짜 오랜만에 ㅜ 오싹해지네여 ..,ekgp****,2,2,관람객
4,2026.06.02 10:42,무슨얘기인지 암튼후반30분제외 그닥재밌지는않아요!백룸알고 가시는분은추천합니다,0907****,5,5,관람객
10,2026.06.02 10:20,스릴감 넘치고 심장 쪼그라들게 만드는영화괜히 길가다 뒤돌아보게 만든다 !!,woce****,4,4,관람객
10,2026.06.02 10:10,와 이거 감도 천재인듯 ㄷㄷ 완전 숨죽이고 집중해서 봤네요 끝나고 내려가는데 소름 제대로 돋음;;,blac****,3,3,관람객
10,2026.06.02 09:48,진짜 너무 무서워요 제대로 더워지기전에 더위 날리고갑니다 ~.~,xx_o****,5,3,관람객
1,2026.06.02 09:36,진짜 돈아깝고 재미없다,scnr****,14,10,관람객
9,2026.06.02 09:02,단 1분1초도 방심할수 없는 극강의 리얼 공포!,robo****,16,12,관람객
10,2026.06.02 08:59,와 엉화보는내내 어깨 경직되어 있다가 다끝나고 폈네ㅠㅠ 다들 개추요!,ehdg****,6,2,관람객
10,2026.06.02 06:23,무조건 사운드 터지는 돌비 상영관에서 보시는거 추천드려요,apri****,7,4,관람객
10,2026.06.02 03:20,오히려 악플다는게 알바일듯 케바케지만 진짜 재밌게 잘 봤어여 유튜버 어쩐다 해서 기대안하고 본건 사실이나 몰입감도 좋고 볼만했슴돠,hhyo****,5,7,관람객
2,2026.06.02 01:15,"사람들이 좋아했던 백룸은 끝없이 이어지는 괴상한 공간에 이유도 모른채 떨어져 어떻게든 다시 나가기 위해 그 큰 공간을 돌아다니는 내용임. 그 공간에서 불쾌한 골짜기, 즉 익숙한듯 낯선 분위기(분명 인간이 만든 것 같지만 아닌 구조물들)에서 공포를 느끼는거고 엔티티라는 괴물이 그 공포감을 더해주는 것이 백룸 영상의 매력이라고 생각함.하지만 이 영화는 인물들의 심리적인 요인과 백룸을 어거지로 묶어놓은듯한 느낌이 들어서 몰입이 그다지 안되었고 공포도, 심오함도 전혀 잡지 못한 것 같음. 사실 주인공이 백룸을 발견하고 예기치 못한 사고가 아닌 직접 들어가는 장면부터 '이러면 나중 이야기가 어떻게 되는거지?' 라는 생각이 들었음. 제일 인상깊었던 장면이 인트로 하나뿐이었음..그리고 그 인트로 장면 마저 결국 다뤄지지 않고 끝남. 그래도 '개를 알지 못하는 사람에게 개에 대해 설명해주고 개를 그려보라 한 격'라는 말을 몇번이나 해주며 백룸의 모든 공간과 그 안의 엔티티는 모두 기억으로 만들어 졌다, 추상화 된 것이다 라는 컨셉이 주제가 된 것은 괜찮다고 느꼈음.",sjkm****,68,27,관람객
10,2026.06.02 00:53,억지 점프스케어가 없었고 공간 연출로 공포감을 조성하는게 새롭게 다가와서 좋았습니다,wall****,5,3,관람객
10,2026.06.02 00:41,다 끝나고 영화관 문 열리고 나오는데 순간 출구 못찾을까봐 걱정함 ㅋㅋㅋ긴장했네 꿀잼~,rlaw****,7,3,관람객
1,2026.06.02 00:17,이왕 보신다면 리클라이너관에서 보시는걸 추천드립니다. 방금 보고 왔고 영화계의 프로포폴이라도 해도 될 정도 입니다. 영화 시작후 몇분 후면 수면에 들어갈 수 있습니다.,idma****,85,56,관람객
8,2026.06.02 00:08,"미친 영상미와 사운드 속에서 같이 미쳐가는 느낌을 재현하는게 목적이었다면 성공. 그렇지만 일반적인 카타르시스를 주려고 했던 거라면 실패... 원작과 달리 굉장히 심오한데.. 백룸 소재 쓰는 김에 거기에 뭔가 인간의 자아? 정신? 을 빗대고 싶었던 거 같긴 한데 결론적으로 뭘 말하고 싶은 건지는 전혀 감이 안옴. 그냥 일반적인 공포영화의 도파민과 시원함을 바라는 사람이라면 그 기대치에는 못 미칠 것. 철학적인 거, 의미부여하는거 좋아하면 볼 법은 한데 또 그렇게까지 여러 생각을 하게 만들 수 있을 만큼 영화 내 요소가 다양하진 않음. 전체적으로 처음부터 끝까지 굉장히 답답한 느낌을 주는데 그 느낌이 우리가 아는 백룸의 본질에 제일 근접한 감상일거 같긴 함. 특유의 답답함을 잘 살리긴 했으나 원작 백룸과는 많이 다르다고 느꼈음. 그리고 결론적으로 많이 무서움 생각보다 잔인하기도 하다",kizr****,5,0,관람객
10,2026.06.02 00:03,너무 재미있고 좋아요 추턴,alst****,3,3,관람객
10,2026.06.01 23:37,조여오는 스릴이 진짜 레게노입니다. 시간 가는 줄 모르고 봤읍니다 레전드영화네여,tkdd****,8,2,관람객
10,2026.06.01 23:20,상영관에 나 혼자였고 다보고 나오니 환풍기 소리만 들리는 매표소를 지나며 영화에서 들리던 특유의  노이즈랑 비슷해서 참 신박하게  만들었네 했다 연기 잘하고 재미있었다,mun5****,4,1,관람객
8,2026.06.01 23:14,"초반에 졸릴수있음, 큐브나 28년후처럼 세계관을 점점 늘리는 식의 영화라고 생각함.그렇게 생각하면 참신하고 재밌음 백룸 인테리어의 공포에 초점, 시리즈로 이어갈수있는빌드를 잘 쌓은거같다. 굿굿",gogo****,1,0,관람객
10,2026.06.01 23:06,일반적인 공포조성보단폐쇄적 공간에  공포감을만들어내는점이상당히 인상깊었습니다,garm****,3,1,관람객
10,2026.06.01 23:02,스토리도 좋고 연출의 힘이 돋보이는 영화입니다강추!,gusd****,4,1,관람객
9,2026.06.01 22:44,뭔가 별거 없어보이는데 처음부터 끝까지 몰입감이 장난이 아니다,dlgh****,3,0,관람객
10,2026.06.01 22:43,심리적인 압박감이 진짜 대박.. 쉽게 만든 공포물이 아니라고 느껴졌어요.. 강추!!,kims****,4,2,관람객
10,2026.06.01 22:25,오랜만에 기분 나쁜 소름 돋는 분위기를 너무 잘 구현했음 . 집가는데 살짝 무서웠음 여운 굳굳,aa12****,3,1,관람객
10,2026.06.01 22:21,올여름 진짜 제일 무서운거같아요 서늘해지는 느낌 ㅜ아무섭다 진짜 ㅜㅜ,minw****,1,1,관람객
10,2026.06.01 22:17,공간이 주는 압박감 장난 아님... 영화 끝나고 상영관 문 열고 나오는데 복도가 순간 백룸처럼 보여서 소름 돋았음,7wow****,1,1,관람객
10,2026.06.01 22:10,탈출구 없는 그 답답함이 스크린 뚫고 느껴져서 몰입감 짱,minj****,1,0,관람객
10,2026.06.01 22:07,오랜만에 볼만한 영화였네!!!이건 영화관 가서 꼭 한 번 봐야함,yssd****,1,0,관람객
10,2026.06.01 21:54,조여오는 스릴이 진짜 개도랏맛 집중 잘 못하는데 시간 가는 줄 모르고 봄,wjd5****,1,0,관람객
10,2026.06.01 21:37,"갑툭튀 심한 건 짜증만 나는데, 이건 끝난 뒤에도 잔상이 계속 남는 기분 나쁜 공포임 예매 대성공",xcxc****,2,0,관람객
10,2026.06.01 21:30,05년생이 이런 연출을 할수가 없음 진짜 나이 알게 됬는데 개소름,dlwn****,2,0,관람객
10,2026.06.01 21:26,와 진짜 계속 긴장하면서 보느라 숨막혀 죽는줄 알았네….. 진짜 긴장감 말 안되네요 꼭 보고 두 번 보세요 …..,gywn****,3,0,관람객
1,2026.06.01 21:21,진짜 시간 개아깝네 10점 장난함? 난해하다못해 뇌가 잠이 더 현명한거라고 가스라이팅함 전체적으로도 별로지만 부분부분 최악임 평점 처음써보는데 8점인게 ㄹㅇ 내가 다른세계 사람인가 해서 써봄 이거 볼 돈으로 군체 한번 더보는게 훨신 보람차다 댓글알바 니들 돈 아니니까 안아깝지? 좋아요좀 눌러주셈 10점밑에 있으면 현타올거같음,wjdq****,48,20,관람객
10,2026.06.01 21:19,인터넷에서 백룸 짤 한 번이라도 찾아봤던 사람? 그거 극장 스크린으로 구현된 거 보면 진짜 카타르시스 미칩니다.,djaw****,2,0,관람객
10,2026.06.01 21:14,자극적인 피칠갑 없이 오직 연출이랑 분위기로만 대가리 깨부수는 영화,soow****,2,0,관람객
10,2026.06.01 21:07,오랜 팬이어서 봤는데 기대 이상이었어요..!! 감독님 천재이신거 같아요!! 이걸 어떻게 이렇게 풀어낸거죠!!,ysms****,3,0,관람객
10,2026.06.01 21:03,유튜버 감독이라해서 궁금했었는데 세계관 미쳤음..영화관에서 보시길 추천 유튜버 해석 찾아보는거도 재밌음,craz****,3,0,관람객
10,2026.06.01 20:11,"ㄹㅇ 기분 나쁜 소름 돋는 분위기가 너무 잘 연출됨... 집가서도 계속 소름끼칠거같음,,,,",goon****,4,1,관람객
10,2026.06.01 20:02,백룸 기대하고 본 사람들한테 정말 백룸적 장면에 대해선 원없이 보여줌,jha9****,3,1,관람객
10,2026.06.01 19:52,시간 가는 줄 모르고 본 영화는 진짜 오랜만..뭔가 색다르고 독특한 공포영화 보고싶으면 추천합니다 무서운데 여름에 더위 싹 가시겠다기대 안하고 봤는데 너무 기대 이상이라 좋았다,dg11****,4,1,관람객
10,2026.06.01 19:39,공간이 주는 압도감이 엄청나요. 극장에서 보길 진짜 잘함,rlat****,3,1,관람객
10,2026.06.01 19:35,..공포영화 못보는데.. 안볼수도없고 볼수도없고 긴장감 ㄹㅈㄷ,laur****,1,1,관람객
10,2026.06.01 19:33,몰입 쩔고 압박감 미쳤다..감독 유튜버 맞나 ㅋㅋㅋ유튜버 진입장벽 높더,imli****,5,0,관람객
10,2026.06.01 19:31,잔인한 장면 하나 없는디 소름 돋아여..유튜버가 만든건줄 모르고 봤는데 영상미 미쳤..ㄷ,ej95****,1,1,관람객
10,2026.06.01 19:23,기분 나쁜 소름 돋는 분위기를 너무 잘 구현함... 여운 오래 갈 듯 잉,ehdf****,1,1,관람객
10,2026.06.01 19:17,마지막 장면 진짜 레전드에요 ... 집에 가는데 소름 돋음 ... 보길 진짜 잘한거 같아요 굳굳,seam****,3,1,관람객
10,2026.06.01 19:10,주인공들이 대체 저길 어떻게 탈출할지 보면서 계속 뇌세포 풀가동하게 됨ㅋㅋㅋ 방탈출 매니아들은 무조건 가라,mgs0****,1,2,관람객
10,2026.06.01 19:09,탈출구 없는 그 숨 막히는 답답함이 스크린을 뚫고 그대로 꽂히더라고요. 기괴한 공간감에 압도돼서 러닝타임 내내 강제 몰입 당했습니다.,qkrw****,1,1,관람객
10,2026.06.01 18:57,"와.. 유튜버가 만든 영화라고 해서 걱정하기는 했는데,, 진짜 퀄리티 내용 전부 너무좋았어요..",kab0****,2,0,관람객
10,2026.06.01 18:54,스릴감 미쳤다.. 괜히 내가 숨게 되네 너무 몰입해서 등에 땀났음..,doe0****,1,1,관람객
10,2026.06.01 18:50,영화 끝나고 나오는데 영화관 복도가 너무 무서워요ㅋㅋㅋ왜이렇게 무섭죠 이거??? 근데 영화 너무 재밌어서 친구한테도 추천하고싶어요 같이 무서워야 기분 좋죠~,seou****,1,2,관람객
10,2026.06.01 18:49,"기괴한데 자꾸 보게 되고, 보고 나서도 좀 남는 영화",cia3****,2,2,관람객
10,2026.06.01 18:48,집가는데 자꾸 돌어보게되요 ..심리적으로 조여오는 느낌 ..!!생각보다 재미있습니다 !!!!,algh****,1,1,관람객
10,2026.06.01 18:47,끝나고 불 켜지니까 그제야 긴장이 풀리더라고요ㅋㅋ 확실히 극장에서 봐야 더 몰입되는 영화 같음,ndh9****,2,0,관람객
10,2026.06.01 18:33,감독 20살이라던데 진짜 미래가 기대되네.. 사운드가 개미쳤음 진짜 기괴하면서도 뭔가 불쾌한 그 기류를 진짜 잘뽑아낸듯 깜놀 장면 몇개 있긴한데 억지스럽지 않아서 좋았음,dudt****,2,0,관람객
10,2026.06.01 18:32,끝나고 엘베 타는데 괜히 좀 무서움.. 몰입감 장난아닌듯 ㅋㅋ,josh****,2,0,관람객
10,2026.06.01 18:17,심리적으로 조이는거 좋아하시는분 꼭. 꼭 봐보세요 . 쫄깃한 느낌 개쩜미댜!,yunj****,2,0,관람객
10,2026.06.01 17:44,맨날 왁!! 하고 깜짝 놀라게만 하는 뻔한 공포 영화들 질렸으면 무조건 이거 예매하셈. 결이다름,wjdg****,2,0,관람객
10,2026.06.01 17:42,진짜 공간이 다 했음... 사람 미치게 만드는 특유의 불쾌함이 스크린 뚫고 나옴,ghql****,2,0,관람객
10,2026.06.01 17:25,심리적 압박감 + 몰입도 최고 !끝나고도 자꾸 뒤 돌아보게 되는 영화 …,soom****,1,1,관람객
10,2026.06.01 17:13,"참신한 스릴러, 너무 재밌었고 무서웠고 또 보고싶어요!",qkrw****,1,1,관람객
10,2026.06.01 17:06,깜놀 모먼트는 없지만 그냥 조용한 상태가 제일 긴장되고 무서움.... 기괴한 느낌이 주는 공포가 장난 아니었음 ㅠㅠ,chlg****,2,0,관람객
4,2026.06.01 16:25,백룸 세계관에 대해서 아예 모른다구요? 영화 보지 마십쇼,teas****,9,4,관람객
10,2026.06.01 15:55,오랜만에 재밌는 영화 찾았어요ㅜㅜ 자꾸 머릿속으로 한 장면 놓치면 유튜브인 줄 알고 뒤로가기 버튼 누르고 싶은 영화였습니다 추천!!,rygm****,1,3,관람객
10,2026.06.01 14:17,와 몰입감 미침.. 주인공한테 과몰입해서 같이 탈출구 찾다가 머리 깨지는 줄 알았네,ssk1****,1,6,관람객
10,2026.06.01 14:11,오랜만에 팝콘 먹는 것도 까먹고 집중해서 봄.다 끝나니까 손에 팝콘통 그대로 들려있더라,soye****,1,6,관람객
10,2026.06.01 14:02,피 한 방울 안 튀기는데 사람 정신을 은은하게 피말림. 역대급으로 기분 불쾌한데 묘하게 중독성 있는 공포임,bs06****,1,5,관람객
7,2026.06.01 13:44,흠…뭔 얘기지. 느껴야하는 영화같은데 난 못느꼈다.,ghlr****,7,2,관람객
10,2026.06.01 12:44,압도적 공간 연출과 무서운 분위기 덕분에 극장에서 볼 가치가 충분하다,dhun****,1,2,관람객
10,2026.06.01 10:18,너무 재밋어요 완전굳이에요,eogk****,2,2,관람객
1,2026.06.01 10:08,유튜브 단편으로는 너무 기대가됐는데 장편영화로는 서사가 너무길었고 지루하고 심지어 난해함...계속 아우지겨워 이런상태로 봄 중간에 그냥 나가고싶은 영화는 이게 처음이었음..,imta****,46,33,관람객
10,2026.06.01 10:06,짜릿짜릿하고 재밌어요! 이번 영화 순위 왜 2위인지 알겠어요 다들 꼭 보세요;;,crim****,0,2,관람객
10,2026.06.01 10:04,극장에서봐야 몰입최고에요!!!간만에 레전드 영화봐서 행복해요 돈 안아까움,ayun****,1,1,관람객
10,2026.06.01 07:11,"극장 큰 스크린과 빵빵한 사운드로 보니까 몰입감이 장난 아니네요!?갑자기 괴물이 툭 튀어나와서 놀라게 하는 뻔한 공포 영화가 아니라, ""여기에 갇히면 절대 못 나가겠다"" 싶은 숨 막히는 공간의 압박감과 기괴한 분위기로 사람을 서서히 옥죄어 옵니다.",ruaa****,3,1,관람객
6,2026.06.01 06:48,감당할 수 없는 판도라의 상자를 잘못 열어 산으로 간 느낌...,maum****,9,4,관람객
10,2026.06.01 00:31,"이 세계는 과연 시뮬레이션의 가상 세계인가?위 가설을 토대로 백룸은 그 세상속에 존재하지 않는? 존재해서는 안될 공간을 표현한 영화 같아요,제가 본 영화중에 단연코 역대급이라고 생각함",dltj****,2,2,관람객
7,2026.06.01 00:17,"개인적으로 백룸은 ‘그 공간을 접한 사람의 기억을 어설프게 복제하는 곳’이라고 해석됩니다.메리가 어린 시절 어머니와 함께 보냈던 '집'이라는 공간도 어설프고 모호한 형태로 생성되었고,해적괴물 역시 클락의 모습을 닮았지만 어딘가 불완전한 외형을 띠고 있었던 것이라 생각합니다.그리고 메리가 백룸에서 클락을 처음 마주했을 때, 클락은 ""당신(메리)이 너무 시끄럽게 해서 숨어있었다""고 말했는데, 이는 불완전한 공간(백룸)에 결함이 없는 '완전한 존재(메리)'가 들어오면서 발생한 균열을 의미하는 것 아닐까 싶습니다.위와 같은 의미가 있다면, 괴물이 클락과 조우했을 때 그를 곧바로 해치지 않고 잠시 살려둔 이유도 약간 풀이가 됩니다. 백룸에서 클락은 스스로를 '불완전한 존재'로 여기고 있었지만 이후 메리와의 식탁 상담 장면에서 클락은 ""나 자신을 바꾸려 하지 않아도 될사람, 결국 바뀌지 않아도 될 사람""이라며 자신의 상태를 정당화합니다. 이는 역설적으로 스스로를 '완전한 존재'로 선언한 셈입니다. 때문에 괴물은 클락의 이러한 심리적 변화를 알아차리고, 그가 완전해진 순간 그를 삼켜버린 것이 아닐까 합니다. 괴물이 어떻게 클락과 메리를 찾은건지는 모르겠으나, 클락과 메리가 처음 백룸에 들어갔을때, 괴물이 근처에 다가왔다는것을 보면, 백룸의 균열을 쉽게 알아차리는 일종의 파수꾼 존재가 아닐까 싶습니다.",ufo0****,14,6,관람객
9,2026.05.31 23:33,"가장 우선적으로 우리가 아는 기본적인 공포영화와는 많이 다름.지루한걸 못 견디는 현대인이 싫어할 것 같은 영화. 하지만 백룸의 팬을 지극히 생각해서 만든 영화임은 확실한듯 함.영화가 끝난 후 가장 크게 생각이 되는건 내가 생각하는 과거의 나는 과연 뒤틀려있지 않은가.그 다음으로는 내가 기억을 하고 있는 것 들이 과연 올바르게 기억하고 있는게 맞는가, 의심을 가지게 됨.남,녀 주인공이 미러링으로 하는 대사가 있음. 이 것이 영화가 말하고자 하는 기둥임은 확실함. 그 기둥을 이해하기 위해 처음부터 끝까지 모든 것을 집중해야 함.",3578****,6,2,관람객
10,2026.05.31 23:24,불안불안한 분위기 연출을 잘해서 집중되고 진짜 내가 미로에 갇힌 듯한 느낌도 받은 영화로 재밌게 봤습니다 굿굿!!,kkb2****,1,2,관람객
1,2026.05.31 23:11,이게 뭔가요?... 아..내 시간..돈..ㅠ,yun8****,37,31,관람객
10,2026.05.31 22:34,백룸 생각보다 찝찝해서 좋았음막 무서운 귀신 나오는 공포라기보단 공간 자체가 사람 미치게 하는 느낌 그게 또 백룸 같긴 함보고 나면 노란 복도 좀 생각남 ㅋㅋ,gwde****,1,2,관람객
1,2026.05.31 22:28,불쾌해지고 싶다면 추천합니다,quee****,44,33,관람객
10,2026.05.31 22:28,백룸이라는 설정을 안 해침,save****,2,4,관람객
4,2026.05.31 22:17,솔직히 세계관 잘 모르는 사람 입장에서 끝나고 엥???? 했어요,quin****,28,19,관람객
10,2026.05.31 22:09,여름에 서늘하게 잘봤어요!! 너무무섭네요정말 ㅠㅠ,ks93****,0,2,관람객
10,2026.05.31 22:06,완전 재미있게 봤고 친구랑도 다시 또 보고싶어요…!!,yooh****,0,2,관람객
10,2026.05.31 21:28,완전 무서워서 집 못가겠어요 너무 무서운데 잼나용!!!,ahjs****,2,3,관람객
6,2026.05.31 21:27,기괴함 공포영화기는 한데 막 그저 놀래키거나 무섭기만한 영화는 아니고 비바리움 영화랑 되게 비슷함 영화 해석하는거 좋아하는 분들은 보세요,yimm****,8,3,관람객
10,2026.05.31 20:57,올해 본영화중에서 가장 무섭고 소름돋는 영화 이보다 무서운영화가있을까?,chan****,1,1,관람객
10,2026.05.31 20:49,1인 자취러 들은 이 영화를 보고 나면 우리 집 공간감이 달라짐을 느낌... ㅋㅋㅋ 오랜만에 쫄깃했다.,wiki****,2,2,관람객
10,2026.05.31 20:38,아 진짜 너무 무서워요...ㄷㄷ 공포영화 못봐서 영화 대부분 가렸는데ㅋㅋㅋ아 다시봐야하나..,rlaw****,1,1,관람객
10,2026.05.31 20:35,진짜 너무너무 무서워서 오늘은 선풍기 안틀어도 될듯,wjdg****,1,1,관람객
7,2026.05.31 20:29,무너진 내면과 기억의 기이한 형상화.,yjbg****,0,1,관람객
1,2026.05.31 20:21,"아닠ㅋ 백룸 재난생존물 기대하고 가시면 돈 버립니다. 내가 설정을 잘 몰라서 그런가 아니 설정 다 알고 봐도 진짜 노잼일것같음 무슨 백룸을 철학영화로 만들어놨는데 그렇다고 잘 만든 철학영화도 아니고..뭔가를 애써 투영하려고 하는건 응 알겠고(모르겠고) 세트장은 잘만들었는데 그 기괴하고 음산한 공간에서 우리가 기대하는 그 모든걸 안보여줌. 괴물이 없더라도 공간 자체의 압도감, 광대함, 막막함 등을 기대하는게 백룸인데, 없음. 있다가요? 아니 그냥 없어요",hidy****,47,27,관람객
8,2026.05.31 20:00,수많은 방들처럼 해석의 여지가 분분할 듯함,wu20****,1,1,관람객
2,2026.05.31 19:49,영화 관람후 출구쪽 나오니 다음 타임 보려 줄지어 서 있는 사람들을 보니 나와는 다른 세계관을 가졌구나싶은...전 아이때문에 보호자자격으로 강제로 끌려갔다 백룸 탈출 한거임,happ****,11,6,관람객
1,2026.05.31 19:36,이영화는 처음부터 개를 모르는상태에서 설명으로만 개를 그리라고 시키는 것과 같은 맥락의 개OOO임,tlfq****,55,25,관람객
1,2026.05.31 19:18,"내용 이해 x , 결말도 이상함 그냥 어린얘가 만든 거 같음",sdw2****,39,28,관람객
10,2026.05.31 18:41,캬 익숙한 장면도 보이기도 하고 세계관 확립을 잘 한 것 같아서 진짜 재밌게 봤습니다.,wlso****,2,2,관람객
1,2026.05.31 18:31,이건 아니야... ?.,cmbk****,39,18,관람객
5,2026.05.31 18:11,와 간만에 봤던 영화중에 정말 재미없게 봤네요. 이게 어떻게 평점이 높을수가 있는지 정말 이해할수가 없네요,holl****,26,22,관람객
10,2026.05.31 17:52,어떠한 울림이 있는 영화,dleh****,2,2,관람객
6,2026.05.31 17:27,장님이 코끼리대신 공포영화를 더듬고있다.,kyun****,7,2,관람객
10,2026.05.27 10:28,파운드 푸티지 장면이 인상 깊었음. 남들은 유튜브 영상이랑 다를 게 없다고 까는데 오히려 이런 점이 백룸 세계 속 몰입감과 공포감을 극대화시키는 듯. 공포영화치고 갑툭튀나 고어 없이 심리적 압박감으로만 쪼여오는 게 신선했음.,pict****,613,22,네티즌
10,2026.05.27 10:50,진짜 비현실 같은데 현실적인 공포로 다가와서 진짜 무섭고 놀랐음. 감독이 천재인듯,psyc****,585,13,네티즌
10,2026.05.27 11:17,괴담매니아는 무조건보세요,tjle****,593,21,네티즌
10,2026.05.27 10:38,간만에 손에 땀났네ㅡ.ㅡ,you_****,515,12,네티즌
10,2026.05.27 11:23,익숙한 공간인데 계속 뭔가 잘못 된 느낌..백룸 특유의 기괴한 공포를 영화로 잘 살림 공포영화 좋아하는 사람이라면 강추!,ctg3****,508,11,네티즌
10,2026.05.27 11:01,A24가 케인 파슨스를 데려다 영화를 찍을 수 밖에 없는 이유,ji_h****,494,10,네티즌
10,2026.05.27 11:42,오랜만에 신선한 영화 잘봤습니다,zkdn****,468,14,네티즌
10,2026.05.27 11:04,유튜브로 봤을때보다 공포가 5배는 커지는거 같음보는 동아누긴장해서 팝콘 한입도 안먹었어요ㅋㅋ,dleh****,434,13,네티즌
10,2026.05.27 11:26,보면서 숨 막히는 영화는 오랜만인듯ㄹㅇ 스릴러 그 자체,wood****,212,9,네티즌
10,2026.05.27 09:37,기대를  너무 많이 했나 백룸  ... 화이팅,lms9****,287,117,네티즌
10,2026.05.27 19:59,진짜 잼써요.. 동생이랑 봤는데… 올반에 쫄깃한 영화 봤네요묘한…공포에요 ㅋㅋ,cla1****,167,6,네티즌
9,2026.05.27 10:33,백룸의 공간 스케일에 비해 공포 수위도 낮고 내용 전개 및 결말이 전반적으로 아쉬움.. (쿠키영상 없음),bbsa****,241,110,네티즌
10,2026.05.27 11:02,기대한 것 보다 백룸의 이해가 높아서 좋았어요,visu****,112,12,네티즌
10,2026.05.27 11:32,몰입감 미쳤네.... 조여오는 기분이 너무 무서움,darb****,103,9,네티즌
10,2026.05.27 11:31,보면서 알았음 내가 다한증 있다는 걸,jaso****,61,10,네티즌
10,2026.05.27 11:25,공포영화 잘 보는 편인데도 이거 진짜 무섭네요...,jeon****,58,12,네티즌
10,2026.05.28 01:51,너무 좋다 감독이 백룸이라는 콘셉트를 너무 잘 이해하고있는것같음. 너무너무 좋음! 생각보다 심오해서 더 좋았음. 생각할 수록 재미있는 영화,cses****,48,4,네티즌
10,2026.05.27 19:13,분위기랑 공간 연출은 괜찮은데스토리는 살짝 난해했음 ㅋㅋ근데 백룸 특유의 불쾌한 감성 좋아하면 볼만함,yobo****,55,11,네티즌
10,2026.05.27 19:23,인생영화네여 꼭한번 보시길 보고 관람평부탁^,ksun****,42,3,네티즌
10,2026.05.27 20:17,오랜만에 역대급으로 몰입해서 본 영화예요 공포 영화 보고 소름 돋은 거 진짜 오랜만이네요,kjmh****,38,7,네티즌
9,2026.05.27 13:59,이렇게 상영관이 조용했던 영화는 처음이다,hany****,40,13,네티즌
10,2026.05.28 02:15,진짜 너무 너무 재미있어요,qsza****,31,7,네티즌
9,2026.05.27 21:44,ㄹㅇ 소리로 숨을 조이는 영화….개인적으로 갑툭튀많은 영화보다 재밌게 본듯,333j****,26,4,네티즌
10,2026.05.27 20:24,오랜만에 몰입감 진짜 최고시다!!!! 공강 압박감이 말도 못함….ㅠㅠㅠ방탈출 매니아인 남편 아주 난리났음….휴!!!,wsj8****,24,4,네티즌
10,2026.05.28 00:48,너무너무재밋고무섭고소름끼침두시간이아깝지않아요,oys0****,21,3,네티즌
10,2026.05.27 19:24,생각보다 심오했던것 같음,lsh2****,23,6,네티즌
10,2026.05.27 19:14,이런 장르물 되게 좋아했었는데 영화화된거 보니까 되게 쫄깃하네요 ㄷㄷ 방에서 자꾸 뒤돌아보게됨,powe****,19,3,네티즌
10,2026.05.27 17:08,완벽하지 않는 세계에서 완벽하지 않은 나를 마주한....변하지 않아도 된다니..,namy****,19,3,네티즌
10,2026.05.27 12:13,현실같은 공간이라 소름돋고 분위기가 공포였음ㅠ 공포영화는 이런맛으로 봐야댐,as19****,18,3,네티즌
8,2026.05.28 01:56,A24 영화 특유의 색이 진함. 그냥 딱 a24느낌 뇌절없어서 좋았어요. 그리고 백룸 가지고 스토리랄게 있을까 했는데 있네요.. 아름다웠습니다,nrev****,15,5,네티즌
10,2026.05.29 12:17,심리적인 압박감으로 승부하는 영화라 개인적으로 내 스타일..,agdz****,11,2,네티즌
10,2026.05.27 19:40,연출 공포 분위기 개미침 ㄷㄷ,reo0****,11,3,네티즌
10,2026.05.27 16:52,"초, 중반까지 원작의 요소를 지키면서 전개가 중반을 넘어서면서 부터는 백룸이란 것에 대한 감독의 해석을 넣은 듯 했습니다. 뭐라 한마디로 표현하기도 어렵고 정의를 내릴 수 없는 게 백룸의 매력이라고 생각하는데 흥미롭게 잘 봤습니다. 영화 끝나고 나오면서도 이걸 뭐라고 표현해야 하나? 하는 감정이 불쾌하기 보단 재밌었습니다.",tmdg****,11,3,네티즌
10,2026.05.28 20:55,잘 안남기는데 재밌네요 ㅎㅎ강추!!,kmj0****,9,2,네티즌
10,2026.05.28 16:16,스토리가 아주 여운이 남는 공포영화. 무조건 보세요. 땀까지 남,skql****,9,2,네티즌
10,2026.05.28 03:59,재밋어요 아주 무섭고 감동스러워요,dogc****,7,1,네티즌
10,2026.05.28 13:21,기다렸던 영화인데 진짜 장난아님..폐쇄된 공간이 주는 무서움이란게 이런건가 싶음연기 영상미 영화가 주는 분위기 전부 미쳤으니까 꼭꼭 보시길..,cape****,8,2,네티즌
10,2026.05.28 10:54,초반은 좀 천천히 가는데 그 분위기 쌓이는 맛이 있음..,fyor****,8,2,네티즌
10,2026.05.27 21:39,개큰감명과감탄을느낌,dham****,8,2,네티즌
10,2026.05.27 20:55,저무서워서잠못잘거같아요,sunh****,8,2,네티즌
10,2026.05.27 20:26,아무 의미 없는 영화 그래서 빽룸인 영화 이해하지 마세요. 의미가 없어요.,pudi****,13,7,네티즌
6,2026.06.01 17:21,새로운 시도는  좋은데영화가 무엇을 얘기 할려고 하는지  모르겠음,dene****,5,0,네티즌
1,2026.06.01 17:11,백룸은 유투브로 끝냈어야한다... 보다자다,dlad****,8,3,네티즌
10,2026.05.27 21:22,아니 내가보기전에 평점이6점대여서 기대하나도안하고봤는데 이거진짜레전든데 말로표현을못하겠어 분위기랑 사운드로 주는 공포감이 진짜 충격이였음,ppcc****,5,1,네티즌
9,2026.05.28 10:52,중간부터는 나도 같이 길 잃은 기분 들었음 ㅋㅋㅋ,cfqe****,6,2,네티즌
10,2026.05.27 20:17,뻔할 수도 있는 소재를 심리적 스토리로 잘 풀어냈다,pds0****,6,2,네티즌
10,2026.05.27 15:45,미쳤다 2026 최고의 영화,han_****,6,2,네티즌
10,2026.05.28 00:48,처음 감상평 남깁니다 회수 안된 부분들이 있긴 한데 신박하고 재밌어요,seom****,7,3,네티즌
10,2026.05.27 20:17,귀막고 보면 안무서운 ㅋㅋㅋㅋ 소리가 진짜 무서워요영상 자체가 무서운건 아니고 기괴한?? 재밌어요. 아이맥스로 보면 더 재밌을것같아요,supe****,7,3,네티즌
10,2026.05.27 19:31,봉준호감독이 과거 인터뷰에서 보고나면 오만가지 생각이 나는 영화를 만들고 싶다는 얘기를 하는걸 본적이 있는데 이 영화가 바로 오만가지 생각을 하게하는 영화가 아닌가 싶습니다,yell****,10,6,네티즌
4,2026.06.30 23:21,이 뭔가 싶음.. 아쉽네. 많이,kies****,3,0,네티즌
10,2026.06.11 12:16,아 진짜 큰일났네 상영 5분전인데 나 혼자 있다 관객....하 야발,dlff****,3,0,네티즌
6,2026.06.07 17:37,그래서 그 공간은 어디죠? 그래서 그 회사는 뭐죠? 그래서 주인공 서사는요?,ncw1****,3,0,네티즌
7,2026.06.06 23:21,"백룸 하나도 모르고 보면 ""그래서 이게 뭔데.."" 하는 타이밍에 영화가 끝나버림 그래도 한 가지 확실한 건 백룸을 봤든 안 봤든 영화를 보고 나면 정신병을 얻을 수 있다는거..",viky****,3,0,네티즌
10,2026.06.03 18:17,설정 자체가 흥미로워서 좋았어요!!,59cb****,3,0,네티즌
9,2026.06.03 18:11,연출이 깔끔 기대치보다 훨씬 위였슨~,5524****,3,0,네티즌
10,2026.06.03 09:43,기대 안 하고 봤다가 만족했습니다.,qz2h****,3,0,네티즌
10,2026.06.03 02:31,"2시간짜리 백룸 영상은.. 사실상 ""귀하다"" 자본이 들어가서 더 좋다 ㅋㅋㅋㅋ 뭔지 모르시면 유튜브에 쳐보세요 님들! 그 플리같은거 뜨는데, 그게 이 사람이 만든거임 사실상 이 사람이 이 장르를 직접 만들었다고 봐도됨 ㅋㅋㅋ",cbhm****,3,0,네티즌
10,2026.06.02 23:47,제가 지금까지 본 공포 영화 중에 가장 독창적인 것 같아요. 어디서 이런 아이디어를 얻었을까 싶을 정도예요,tc3m****,3,0,네티즌
10,2026.06.02 23:45,진짜 엄청나게 신선해요. 상상도 못 했던 전개에 깜짝 놀랐습니다. 뇌가 짜릿해지는 느낌,s5jd****,3,0,네티즌
6,2026.06.01 15:40,딱히 재미있지도 않았는데 재미없지도 않음. 애매함.,kim_****,3,0,네티즌
10,2026.05.31 22:53,이 정도면 충분히 재밌는 영화인데 악플들이 많네요?,zm0j****,3,0,네티즌
10,2026.05.31 19:45,우리가 무의식중에 느끼던 불쾌한 기시감과 미지의 공간에 대한 두려움을 스크린에 완벽하게 구현해낸 매력적인 공포 영화였습니다.,qort****,3,0,네티즌
9,2026.05.29 23:39,호불호 씨게 갈릴 듯..,wfta****,3,0,네티즌
10,2026.05.28 23:16,근래 본 영화중 제일 심장쫄깃.ㄷㄷ,ton0****,3,0,네티즌
10,2026.05.27 21:10,재미있는 영화 랜만이라 너무 설렜어요 방탈출 좋아하는 분들한테 완전 추천해요 흔한 내용이 아니라 너무 좋았어요!,kjmk****,3,0,네티즌
10,2026.06.11 19:14,호불호 너무 심하게 갈리길래 안 무서울까봐 걱정하면서 보러갔는데진짜 조온나 재밌음 누가 갑툭튀없다했냐 진짜개무섭고 다들 사운드 칭찬많이 하는데 ㄹㅇ사운드 잘 쓴듯 진짜 ㅅㅁㅈ ㅋㅈㄹ 같은 오컬트물 안무워하고 긴장이 계속 이어지는찐스릴어물 좋아하면 무조건봐라 ㅈㅉ 인생작임,sieu****,4,1,네티즌
10,2026.06.11 11:53,평점보다가 왜 알바쓰냐는 댓글 어이없어서 남김. 영상미 좋고 보는 내내 쫄렸는데 백룸 모르는 사람이 보기에도 좋고 재밌음. 엔딩이 조금 애매하긴 한데 차기작 예정되어 있는거라 그런 느낌? 여튼 호불호 갈릴수도 있지만 리미널 스페이스 좋아하는 사람이면 좋아할거라 생각함. 근데 단점이 애들이 너무 많아서 시끄러움..,hifr****,4,1,네티즌
10,2026.06.03 00:35,리미널 스페이스 관련 이미지 볼 때 힐링이었어서 예고편 일절 안보고 힐링영환줄 알았는데..,keem****,4,1,네티즌
6,2026.05.31 22:56,"""제 앞에 있던 초딩들을 백룸에 보내고 싶었습니다",prom****,4,1,네티즌
10,2026.05.29 18:23,재미있다고해서 가서 봤는데너무 재미있고 스릴 넘쳤습니다!!!!다들 가서 한번씩 보시면 좋겠습니다,oooo****,4,1,네티즌
10,2026.05.28 13:34,주변에 추천 받아 오랜만에 영화 봤는데 재밌었습니다 추천!,chu_****,5,2,네티즌
10,2026.05.28 13:22,"감독 입봉작이 이거라는데 후에 어떤식의 영화를 만들어낼지ㅋㅋㅋ흥미진진하게 봤습니다. 사전 지식이 약간은 필요하고, 알면 훨씬 더 몰입할 작품인 것 같아요",bora****,5,2,네티즌
10,2026.05.27 19:47,올해 최고의 영화 반드시 극장가서 봐라 영상미 연출 최고,kjh3****,5,2,네티즌
10,2026.05.27 17:13,개ㅐ가가웅어ㅓ웅우어,lime****,5,2,네티즌
8,2026.05.27 15:48,공포영화 잘 못 보는 사람인데 무서워 죽는 줄 알았습니다. 조조로 혼자 봄. 스토리고 뭐고 그냥 무서웠습니다. 슬로우번이고 중후반부에 클라이맥스인 게 유전이랑 좀 비슷합니다. 생각보다 사운드가 너무 빵빵해서 공포 좋아하시는 분들은 돌비에서 보십쇼.. 장르 자체가 애초에 완벽한 기승전결을 기대하기가 힘들다고 생각함. 결말 잘 이해 안됐어서 2점 깜,heis****,5,2,네티즌
1,2026.06.01 17:33,시간을 때워야만 하는 나에게 영화관을 백룸으로 만들었다. 스크린을 넘어 찾아온 진정한 공포였다.,masi****,6,3,네티즌
10,2026.05.28 21:11,무서운거 잘못보는데 역대급 공포영화였음....너무긴장해서 팝콘도 다못먹을 정도,job_****,6,3,네티즌
2,2026.06.06 18:35,"이거 리뷰 왜 다 재미있어해요?? 진심 재미 없는데, 내가 이해력 부족인건가?너무 지루하고 재미없었음결과는 이게 무슨영화일까? 갸우뚱",alru****,7,4,네티즌
1,2026.06.05 12:42,이제 영화 평점은 최신순으로만 보자. 이런 망상증 영화를 높은 평점으로 하는 건 그저 댓글 알바들뿐이다.,puru****,7,4,네티즌
10,2026.07.15 16:41,밑에 너는 데이트 망한게 영화 때문이 아닐텐데 ㅋㅋ,dani****,2,0,네티즌
7,2026.07.12 23:59,공중 화장실에 갇힌 기분,sunj****,2,0,네티즌
6,2026.06.20 19:15,음? 하고끝나는 영화..모르겠다..,pioi****,2,0,네티즌
10,2026.06.20 01:15,신선했다케인 파슨즈 화이팅,issa****,2,0,네티즌
10,2026.06.20 00:45,영화보고 백룸 세계관을 계속 찾아보게 됨,qazp****,2,0,네티즌
8,2026.06.19 19:53,스토리가 난해했지만 폐쇄된공간에서 쫒기는 연출은 더위가싹가시는 공포를 느끼게했어요 ..그런면에서는간만에 몰입해서 본거같아요 ..,hyp2****,2,0,네티즌
10,2026.06.18 02:02,단절되고 어디로 가야 하는지 모르는 세상 속 우리는 끊임없이 알지 못할 두려움에 쫓긴다,bjk3****,2,0,네티즌
7,2026.06.12 22:30,개인적으로는 호였음. 나름 꽤나 긴장감 있게 잘 봤음. 근데 막 엄청 공포공포한 영화는 아님. 약한 공포영화 정도? 초반에 빌드업을 위해 깔아두는 부분은 꽤 지루하긴 했음. 영화 끝나고 같이 본 지인끼리 서로 추론하면서 자기 생각 얘기할 때가 제 2의 재미인듯.단순 대중성을 노린 작품은 아니라서 호불호 많이 탈 것 같음. 보면서 계속 기억하고 생각하고 의미를 찾아내려고 하는 류를 좋아한다면 시도해볼만 함. 단순하고 간단하고 딱딱 정해주는 류를 좋아하는 성향이라면 봤다가 후회할 가능성 높음. 쉽게 생각하면 열린결말 안 좋아하면 안 보는거 추천.,gaka****,2,0,네티즌
10,2026.06.12 22:25,불편하고 기이한 기억의 공간,king****,2,0,네티즌
6,2026.06.09 10:05,주인공들이 너무 발연기를해서 아쉬웠음후반부는 게임 잘 구현했고전반부는 상당히 루즈함,clic****,2,0,네티즌
10,2026.06.08 22:31,평소에 전시회 좋아하는 사람에게는 추천하고 전시회 같은거 이해 못하면 비추천 이것은 현대미술이다.,dytj****,2,0,네티즌
6,2026.06.08 20:15,같은 영화 본거 맞냐? 갑툭튀가 없었다고? 결말도 벙찌고 문화의날 아니였으면 돈 날린거였다영상미는 최고,guju****,2,0,네티즌
6,2026.06.07 23:49,아저씨 혼자 떠들다 끝나는 저 예산 영화,s941****,2,0,네티즌
10,2026.06.07 23:21,집에 와서 후기 읽는 재미도 있다.,ninr****,2,0,네티즌
10,2026.06.07 23:19,절제된 서스펜스 흥미로운 서사,dizl****,2,0,네티즌
10,2026.06.07 23:00,평소 취향은 아닌데 괜찮게 봤다.,4ffq****,2,0,네티즌
10,2026.06.07 18:47,긴장감이 엄청납니다.,kgu3****,2,0,네티즌
10,2026.06.07 18:45,집 가는 길에 영화 얘기만 하다가 도착했다.,2rfw****,2,0,네티즌
6,2026.06.07 18:43,쫄보인데 진짜 하나도 안 무서움 초반에 캠코더 장면 진짜 멀미 개오졌음…세계관은 좋은데 추격씬 기대하는 사람들은 보지마세요,shin****,2,0,네티즌
6,2026.06.07 17:19,굉장히 심오하다....이해하기 어렵고 우리가 아는 노란벽지 백룸은 맞지만 그 이상은 나오지않음 도시괴담과 조금 먼거같음,zoxx****,2,0,네티즌
10,2026.06.07 14:02,갑툭튀 없다는 베댓 죽을래 진짜?,lsj0****,2,0,네티즌
10,2026.06.07 12:53,20살 감독이 이런 연출과 스터리를 만들었다니 정말 재밌게 봤어요 이런 장르가 계속 많이 나왔으면,bbs6****,2,0,네티즌
10,2026.06.07 12:51,이 정도면 재관람 생각도 있다.,2d5v****,2,0,네티즌
10,2026.06.07 12:05,극장 불 켜지고 나서야 긴장이 풀렸다.,ca2m****,2,0,네티즌
8,2026.06.07 10:56,갑툭튀없다는 건 거짓말이고 무서운 거 진짜 못 보는 사람으로서 그냥 볼 만 합니다! 막 1점짜리 영화는 진짜 아님,seoy****,2,0,네티즌
10,2026.06.06 19:41,무섭다기보다는 기분이 이상해지는 쪽이다.,9q6b****,2,0,네티즌
10,2026.06.06 19:36,같이 본 친구랑 평가가 완전히 갈렸다.,o45o****,2,0,네티즌
10,2026.06.06 19:32,혼자 봤으면 더 집중해서 봤을 것 같다.,atdp****,2,0,네티즌
10,2026.06.06 19:29,극장 나와서도 머릿속이 복잡했다.,fxju****,2,0,네티즌
10,2026.06.06 19:25,광고에서 받은 인상과 실제 내용 차이가 꽤 크네,tu56****,2,0,네티즌
8,2026.06.06 19:22,기대 이상 이였음 사람들이 재밌다고 해서 봤는데. 나쁘지 않음 공간에서 주는 스릴 좋았음,bbhb****,2,0,네티즌
7,2026.06.04 23:56,공포 보단 인간 심연의 닫힌 방에 들어갔다 나온 느낌 심리미스터리에 가까움,foma****,2,0,네티즌
10,2026.06.03 02:18,조금 직접적이긴 하나 재밌게 잘 봄,xdin****,2,0,네티즌
10,2026.06.03 02:15,05년생 감독이라는 것에 집중할 필요가 있음. 힙한 영화라고 생각함.,rqql****,2,0,네티즌
10,2026.06.03 02:15,"매일 보던 문, 매일 걷던 복도가 무서워지기 시작했다. 일상 파괴 영화네 이거ㅋㅋㅋ",rvbi****,2,0,네티즌
10,2026.06.03 02:10,"익숙한 공간이 낯설게 다가오는,,,",siot****,2,0,네티즌
10,2026.06.03 02:08,백룸 이해도 높은거 ㅇㅈ,xzwd****,2,0,네티즌
10,2026.06.03 02:05,공포와 미스터리의 균형이 좋았어요.,sl6m****,2,0,네티즌
10,2026.06.03 01:59,몰입해서 보다 보니 러닝타임이 금방 지나갔!!,t0me****,2,0,네티즌
10,2026.06.03 01:59,재미있게 잘 보았습니다.,ectt****,2,0,네티즌
10,2026.06.03 01:52,리미널 스페이스?? 와 ㄷㄷ 저는 이런 기술 처음보네요 3D인가요?,lbjc****,2,0,네티즌
10,2026.06.03 01:45,이정도의 몰입감있는 느낌은 처음입니다. 05년생 감독님 좋네요,qudy****,2,0,네티즌
10,2026.06.03 01:25,최근 본 공포물 중에서 상위권임~,tpyo****,2,0,네티즌
10,2026.06.03 01:21,시간 가는 줄 모르고 봤네요.,ty5c****,2,0,네티즌
8,2026.06.03 00:34,반복된 회상 끝에 왜곡된 트라우마가 굳어지는 과정을 백룸이라는 공간에 정교하게 새겨 넣는다,wani****,2,0,네티즌
10,2026.06.03 00:30,극장 사운드로 봐야 진짜 매력을 느낄 수 있는 영화!! ! !,xk0v****,2,0,네티즌
10,2026.06.03 00:25,1점 주는 사람들 알바아닌가요? 개인취향에 너무 잘 맞았고 태어나서 본 영화중에 다섯손가락 안에 들 정도로 재밌었고 몰입감과 스릴러는 본 영화중에 제일 재밌었습니다. 공간을 너무 잘 썼어요. 인시던트나 인셉션이 중하 정도의 공간감을 활용했다면 이 영화는 영화에서 쓸 수 있는 모든 공간감을 활용했음 (참고로 imdb top100 영화 절반이상 시청했고 부국제 시즌도 5OO 넘게 시청하러 갔슴다),ohch****,2,0,네티즌
9,2026.06.03 00:17,중간중간 소름 돋는 장면들이 꽤 많네요ㄷㄷ,ysqi****,2,0,네티즌
9,2026.06.03 00:09,혼란스러운 현실을 마주하기보다는 자신만의 루틴에 갇혀 지내는 것이 더 편안할 수 있다. 마치 주인공처럼.,shin****,2,0,네티즌
10,2026.06.03 00:00,심리적으로 압박하는 느낌의 무서움ㄷㄷㄷㄷ,z7oq****,2,0,네티즌
10,2026.06.02 23:47,단순 공포가 아니라 뭔가 철학적인 메시지도 담고 있는 것 같아요. 곱씹을수록 의미가 느껴지는 영화.,soaf****,2,0,네티즌
8,2026.06.02 11:20,귀신없이도 충분히 공포스러움을 만들어낼 줄 아는게 진짜 공포영화의 모습.,taij****,2,0,네티즌
8,2026.06.02 03:46,"무의식에도 질량이 존재한다면, 매립지가 필요하겠지? 라는 상상이 만들어 낸 세계랄까. 이 영화가 다루는 세계관의 창조주는 꽤나 합리적이다. 무한히 팽창하는 거시세계만큼이나 미시세계 또한 무한히 팽창하며 혹 그 경계를 드나들 때를 대비해 우리가 만들어 낸 모양의 세계로 구현해놨으니..! 클락이 잠시나마 백룸에서 그 존재들과 지낼 수 있던 이유는 '인셉션'의 꿈의 자각과 맥락을 같이 한다고 볼 수 있겠다. 의식세계에서 매 순간 처절하게 자기이기를 부정하던 인간이 무의식세계에서 마침내 자기 본 모습을 인정한 순간, 그 세계에선 공존할 수 없는 존재가 되어버렸으니. 이 또한 두 세계의 왜곡된 충돌을 방지하기위한 합리적인 창조주의 코딩이었을지도..",takj****,2,0,네티즌
10,2026.06.01 20:59,무섭다기보다는 기분 나쁘게 불안한 영화. 보는 내내 꿈속 미로에 갇힌 느낌이었다. 스토리는 호불호가 갈릴 수 있지만 공간 연출만큼은 정말 인상적. 백룸 특유의 분위기를 좋아한다면 추천,dlrm****,2,0,네티즌
10,2026.05.31 22:31,불쾌한 꿈을 꾼 뒤의 기분을 정확히 재현했다,ryiy****,2,0,네티즌
10,2026.05.31 21:42,원작의 시각적 고증은 정말 완벽하더라고요. 단순한 인터넷 괴담을 스크린으로 이 정도 깊이까지 확장한 연출력은 정말 대단한 것 같습니다. 이스터에그 찾는 재미도 쏠쏠했고요,wlrt****,2,0,네티즌
8,2026.05.31 21:42,"촬영기법 및 영상미가 돋보이며, 배경음에서 오는 긴장감이 매우 인상적! 다만, 전개가 다소 빠르다보니 중간에 나오는 공간이나 장면에 의미가 있는 트랙이 곳곳에 잘 녹아져 있음. 따라서 화면이 확확 전개될 때마다 인물의 심리나 상징성을 바로바로 확인하고, 느껴야 하는 부분이 있음. 그래서 아무 생각없이 보면 너무 지루할 수 있음(그만큼 생각을 해야하는 부분이 많음)",chul****,2,0,네티즌
6,2026.05.31 16:39,감독이 예술병걸려서공포 장르라는 특성을 망각한 듯스토리 진행될수록 개연성 없어지고 걍 웃김,forg****,2,0,네티즌
10,2026.05.30 19:37,"점프 스케어 없이 사람 숨통을 조이는 역대급 미스터리 스릴러맨날 왁! 하고 소리 지르며 깜짝 놀라게 하는 뻔한 공포영화에 지쳤다면 이 영화가 정답이다. 고어물처럼 피 한 방울 튀기지 않는데도, 사람 정신을 완전히 피말리게 만드는 기묘한 압박감이 압권이다.",59ki****,2,0,네티즌
10,2026.05.30 19:33,역대급 영화 너무 재미있어요,jang****,2,0,네티즌
6,2026.05.30 18:56,좋지도 나쁘지도 않은 스토리와 연출이었습니다무언갈 많이 담고 싶은 느낌이라 가볍게 느껴지기도 했습니다.주의할 점은 주말 오후6-7시 전에는 가지마세요.초등학생분들 진짜 뛰어다닙니다.15세로 알고있는데 딱히 제제도 없어서 난리납니다.,naze****,2,0,네티즌
10,2026.05.29 23:41,너무 무서웠어요 여름영화로 딱인듯 ㅋㅋ재밌게 봤습니다,jmyo****,2,0,네티즌
9,2026.05.29 23:40,참신하긴 한데 아무래도 대중적인 재미보다는 매니아층 저격용 영화인 듯 ㅠㅠ,yqmk****,2,0,네티즌
10,2026.05.29 23:40,너무 무서워용 근데 재밌었습니다!,hhwa****,2,0,네티즌
10,2026.05.29 23:39,"영화 백룸은 화려한 공포보다 음산한 분위기와 심리적인 불안감을 강조한 작품이다. 끝없이 이어지는 복도와 형광등 소음이 답답한 공포를 만들며, 관객까지 길을 잃은 듯한 느낌을 준다. 스토리는 다소 난해할 수 있지만, 설명되지 않는 공간이 주는 기묘한 분위기가 오래 기억에 남는 영화였다.",kyou****,2,0,네티즌
6,2026.05.29 23:16,아… 내가 아는 백룸은 이런게 아닌데….아니 20대에 이런 상상하는건 좀 대단하긴한데 오히려 뭔가 괴물이 달라져서 문제가 된 느낌?그리고 영화 장면들을 보면 청불이 딱 맞는 느낌임.그리고 이해가 안가는 부분이 많고 뭐를 전하려는지 알기 어려움… 뭔가 단편영화보다 더 끔찍한 느낌 원래 괴물이 딱 맞는듯 너무 심오한 스토리임.오히려 백룸의 이미지가 더 흑화된 느낌임. 그리고 소음이 너무 심하고 관람평에 갑툭튀 없다고 한 어느 댓글 때문에 영화 끝나고 팝콘 줍고있는 꼬라지 됐습니다^^,thet****,2,0,네티즌
9,2026.05.29 20:59,오랜만에 오싹하니 잘 봤네용 ㅋㅋㅋ,wnbc****,2,0,네티즌
10,2026.05.29 18:36,"스릴러물이지만 세련되었고,그 세계관을 이해하면 더더욱 빠져든다.곧 꺼져버릴것같은 옛날 깜빡이는 형광등을 보면,또 그런 소리가 들리면 생각이 많아질것같다.",bana****,2,0,네티즌
10,2026.05.29 17:35,공포영화보다 미스터리 장르를 좋아하는 편인데 이 작품은 공간 자체를 이야기로 활용한 점이 인상적이었다. 독특한 경험.,7una****,2,0,네티즌
10,2026.05.29 17:33,아들이 보고 싶다고 해서 같이 봤는데 예상보다 잘 만들었네요. 요즘 공포영화 중에서는 신선한 편이었습니다.,psez****,2,0,네티즌
10,2026.05.29 17:32,공포를 소리 지르게 만드는 방식이 아니라 천천히 스며들게 만든다. 이런 연출은 꽤 오랜만에 본 것 같다.,pp0h****,2,0,네티즌
10,2026.05.29 14:37,간만에 재미난 영화 봤네요.호불호가 있을수가 있으나 저는 참 재미났어요,alan****,2,0,네티즌
10,2026.05.29 14:37,게임은 무서우면 끄면되지...극장 탈출구...없더.. 강제격리... 손에땀나 죽는줄 ㅠㅠㅠㅠ,wjss****,2,0,네티즌
10,2026.05.29 14:36,백룸 관련 유튜브만 보다가 영화보니까 재밌네요,srin****,2,0,네티즌
10,2026.05.29 14:36,"처음부터 끝까지 몰입해서 본 영화입니다. 스토리와 연출, 배우들의 연기가 모두 훌륭했고 여운이 오래 남았습니다. 꼭 한 번 보시길 추천합니다!",jo-o****,2,0,네티즌
10,2026.05.29 14:35,일단 뻔하디 뻔한 공포영화에 좀 벗어나고싶다 나는 색다른 공포를 원한다 하시는분들 적극 추천입니다 솔직히 기대는 안하고 봤는데 남편이랑 둘이 봤는데 둘다 손에 땀철철;;;말그대로 나도 영화관에 갖힌 기분이랄까....찝찝하면서 중독됨 ㅜㅜㅜ 공포영화좀 봤다 하시는분들은 꼭 영화관에서 상영추천합니다,wldu****,2,0,네티즌
10,2026.05.29 14:35,현실과 비현실의 경계가 흐려지는 분위기가 정말 압도적이었어요 단순한 공포보다도 알 수 없는 공간에서 오는 불안감이 오래 남는 작품인거같아요조용한 연출인데도 긴장감이 계속 이어져서 몰입해서 봤네요,park****,2,0,네티즌
9,2026.05.29 13:54,긴장감 때문에 팝콘 먹는 것도 까먹고 봤다..,jdlj****,2,0,네티즌
10,2026.05.29 13:52,진짜 오랜만에 심장 쫄리면서 봤음 와.. 진짜 후덜덜,khs5****,2,0,네티즌
10,2026.05.29 13:51,배우들 연기 미첫슴돠 너무 재밋게봣어요 강추!!!,jsm0****,2,0,네티즌
10,2026.05.29 13:46,ㅜㅜㅜㅜ무서워요ㅠㅠㅠ근데 재밌어요 공포 영화 좋아하시는 분들께 추천드려요! 스토리도 연기도 좋았습니다,dmsw****,2,0,네티즌
10,2026.05.29 13:41,오랜만에 제가 좋이하는 장르와 분위기의 영화라정말 재밌게 봣구요 단어는 생각이안나지만 비바리움처럼 뭔가 불편한?느낌이 드는 초현실적인 공포영화였어요 !,evan****,2,0,네티즌
8,2026.05.29 12:52,전체적으로 영상미가 꽤 괜찮아서 보는 재미도 있었다. 색감이랑 카메라 연출이 영화 분위기랑 잘 어울림 ㅎㄷㄷ,wsfy****,2,0,네티즌
9,2026.05.29 12:19,공간 자체가 주는 공포감이 엄청 큼 폐쇄된 장소에서 오는 답답함이 진짜 현실적으로 느껴짐,opeg****,2,0,네티즌
10,2026.05.29 11:40,솔직히 큰 기대 없이 봤는데 생각보다 분위기 연출이 너무 좋아서 끝까지 엄청 몰입하면서 봤다. 단순히 갑툭튀로 놀래키는 스타일이 아니라 점점 사람 심리 압박하는 느낌이라 더 무서웠음..,zich****,2,0,네티즌
10,2026.05.29 11:08,재밌게 봤네요 대만족입니다~,szrz****,2,0,네티즌
10,2026.05.29 10:29,흔한 공포영화 클리셰에 질렸다면 이 영화 추천!,cesw****,2,0,네티즌
10,2026.05.29 10:17,나 당분간 이케아 못가겠다노란벽 나올까봐 무섭네,mh98****,2,0,네티즌
10,2026.05.29 10:14,유튜브에서 보던걸 영화로 제대로 보니 더 재밌음연출 잘했다 사운드때문에 더 심장 쫄깃,fu40****,2,0,네티즌
10,2026.05.29 01:11,‘왜 무서운지 설명하기 어려운 공포’를 정말 잘 구현한 영화였다. 그냥 화면만 보고 있어도 불쾌하고 불안해지는 느낌이 계속 든다,fqsg****,2,0,네티즌
10,2026.05.29 00:12,늘보던 공포영화가 아닌 심리적으로 압박감있는분위기의 영화라 더 무섭고 공포로 다가온 영화였음,dlsh****,2,0,네티즌
10,2026.05.29 00:03,스포 당하기 전에 얼른 보러옴,cdmz****,2,0,네티즌
10,2026.05.29 00:01,공포영화 잘 못 보는데 이건 피 튀기는 거 없어서 볼 만했음. 대신 정신적으로 힘듦,tget****,2,0,네티즌
9,2026.05.28 23:50,기존 공포영화 클리셰가 적어서 신선,ajcd****,2,0,네티즌
10,2026.05.28 23:47,중간중간 나오는 소음 연출이 진짜 미쳤다.,wvoz****,2,0,네티즌
10,2026.05.28 23:26,아 진짜 무서워여어어 무사워서 뛰쳐나가고 싶었어요 ㅠㅠㅠ허흑,oiuy****,2,0,네티즌
10,2026.05.28 23:23,안보신 분들은 무조건 보세요.,jian****,2,0,네티즌
9,2026.05.28 23:15,무한 공간 설정을 정말 잘 살렸다,egyr****,2,0,네티즌
10,2026.05.28 23:02,백룸 원작 감성 구현은 거의 완벽했다.,tict****,2,0,네티즌
9,2026.05.28 23:00,추천 추천 굿굿 굿 ㅋㅋㅋ,mefy****,2,0,네티즌
10,2026.05.28 22:58,"사운드 디자인이 진짜 미쳤다. 형광등 웅웅거리는 소리, 멀리서 들리는 이상한 발소리, 텅 빈 공간의 울림 같은 것들이 영화 분위기를 완성한다. 헤드폰이나 좋은 음향관에서 보면 훨씬 무섭다.",elaz****,2,0,네티즌
9,2026.05.28 22:40,조용한 장면이 더 무서웠다;;;,olys****,2,0,네티즌
10,2026.05.28 22:38,백룸 원작 특유의 “현실에서 살짝 어긋난 공간” 느낌을 정말 잘 살렸다. 어디선가 본 것 같은 장소인데 동시에 너무 비현실적이라 계속 기분이 이상해진다. 영화관에서 보면 몰입감이 엄청나다.,lmci****,2,0,네티즌
9,2026.05.28 22:36,설명을 최소화한 연출 방식이.. 오히려 영화의 매력을 살렸다. 관객이 직접 상상하게 만드는 부분이 많다..,cwoo****,2,0,네티즌
10,2026.05.28 22:33,개인적으로 점프스케어 남발 안 해서 좋았음 분위기로 조지는 스타일~,zsmy****,2,0,네티즌
10,2026.05.28 22:32,기대없이봐서 그런가 재밌게 봤습니다 ㅎㅎ,zvyr****,2,0,네티즌
10,2026.05.28 22:28,기대한거보다 훨씬 재미있어요!,asxy****,2,0,네티즌
10,2026.05.28 20:44,최고의 방탈출 영화 공포와 스릴이 장난아님,tjda****,2,0,네티즌
8,2026.05.28 20:42,연출도 마무리도 백룸스러워서 좋았네요,rjsq****,2,0,네티즌
10,2026.05.28 20:27,배우들에 연기 하나하나가 너무 인상 깊었어요 그래서 영황에 더욱 집중 해서 볼 수 있었어요.,kimj****,2,0,네티즌
10,2026.05.28 20:27,제 인생 영화 탑 3 안에 듭니다너무 재밌어서 강력 추천!!,wlgh****,2,0,네티즌
8,2026.05.28 20:21,유튜브로만 보다가 실제 영화로 나왔데서 봤더니 생각보다 무섭고 재밌었습니다,dong****,2,0,네티즌
10,2026.05.28 19:43,올해 본 공포영화 중에서는 제일 독특했던 것 같음. 취향 맞으면 진짜 좋아할 스타일.,ffkz****,2,0,네티즌
10,2026.05.28 19:41,내용이 너무 좋고 보는 내내 몰입감 있네요,taew****,2,0,네티즌
10,2026.05.28 18:57,몰입도 최고인 영화입니다.,ring****,2,0,네티즌
10,2026.05.28 18:21,기대 안 하고 봤는데 너무 재밌었어요! 꼭 보세요!,dleh****,2,0,네티즌
10,2026.05.28 18:19,진짜 너무 재미있었어요!! 또 보고싶어지는 영화인거 같아요,wdy3****,2,0,네티즌
10,2026.05.28 18:19,"그냥 마냥 공포가 아닌, 심오한 이야기가 담긴. 역시 미드소마 제작사 A24다.바이포엠이 이걸 배급해준 게 고마울 뿐~",euns****,2,0,네티즌
10,2026.05.28 18:14,"올해 본 영화 중 가장 숨 막히게 몰입한 작품이었다. 시작부터 끝까지 긴장감을 미친 듯이 끌고 가는데, 단 한 장면도 눈을 뗄 수 없을 정도다. 어두운 분위기와 압박감 넘치는 연출이 엄청나게 강렬하고, 배우들 연기는 진짜 현실 같아서 보는 내내 소름이 돋는다. 단순히 자극적이기만 한 영화가 아니라 인간 심리를 끝까지 파고드는 느낌이라 보고 나서도 계속 생각난다. 특히 후반부 전개는 충격적이면서도 압도적이라 영화관 분위기 자체가 얼어붙는 느낌이었다. 웬만한 스릴러 영화보다 훨씬 강렬하고, 오래 기억에 남을 작품이다.",2602****,2,0,네티즌
10,2026.05.28 13:31,분위기랑 공간 연출이 진짜 독특하고 몰입감 있다.. 갠적으로 은근하게 소름 돋는 스타일이라 여운이 오래 남는 영화.,ju02****,2,0,네티즌
10,2026.05.27 22:25,여운이 미쳤다.그래서 내용이 뭔데.개를 본적이 없는데 어떻게 설명해,sang****,2,0,네티즌
10,2026.05.27 22:25,진짜 내스타일의 영화예고편 보고 바로 이영화다 싶었음너무 무섭고 스토리 탄탄팝콘도 다 남기고옴,rlaa****,2,0,네티즌
9,2026.05.27 22:14,"백룸을 2019년도부터 쭉 봐왔던 사람인데요 (백룸을 많이 좋아해요),일단 좀 아쉬운 것도 있긴 했는데 전체적으로 너무 잘 만들었고 무조건 봐보세요. 적극추천합니다 !!!",abcd****,2,0,네티즌
10,2026.05.27 21:32,몰입감 장난 아니었고 공간이 주는 공포감도 너무 좋았습니다… 사운드도 좋았어요,pos0****,2,0,네티즌
10,2026.05.27 21:00,재밌는 영화 랜만이라 너무 설렜어요 방탈출 좋아하는 분들한테 완전 추천해요 흔한 내용이 아니라 너무 좋았어요!!,hess****,2,0,네티즌
10,2026.05.27 20:52,영화자체가 거대한 홍대병,wnst****,2,0,네티즌
10,2026.05.27 20:24,"세계관을 알면 진짜,재밋는 영화에요킬링타임으로 굿굿올만에 잼게봤어요",andc****,2,0,네티즌
10,2026.05.27 20:22,감독 천재인듯 원작고증완벽ㄷㄷ지립니다  내가 갇힌 느낌 .어떨지 걱정했는데 고증제대로 했네요,euny****,2,0,네티즌
10,2026.06.22 22:22,관람평 호불호 갈리는거 보고 망설였는데.  진심 정말 재밌게봤네요. 결말까지 완전 몰입해서 봤습니다.   분위기나 색감이나 연출. 완전 최고였습니다.  그런데 백룸에대한 어느정도 알고있는 사람과 전혀 모르고 본 사람과는 확실히 호불호 차이가 납니다.,luna****,3,1,네티즌
10,2026.06.19 00:23,"감독은 누구보다 친절하고, 공포스럽고, 모던하게 백룸을 실재화한다. 다만 그것도 이해하지 못한 몇몇 우매한 민중이 있을 뿐이다.",zero****,3,1,네티즌
